/* To view the code used for the creation of 
data please see: https://github.com/alec-grace/lcc_loader */

use agrace072; 

/* Country inserts */

INSERT INTO agrace072.Country_T SELECT * FROM aalbina.country_tbl;

/* State inserts */

INSERT INTO agrace072.State_T SELECT * FROM aalbina.st_tbl;

/* Department inserts */

INSERT INTO Department_T VALUES("CS","Computer Science","0");
INSERT INTO Department_T VALUES("BU","Business","1");
INSERT INTO Department_T VALUES("DA","Data Analytics","1");
INSERT INTO Department_T VALUES("TH","Theology","1");
INSERT INTO Department_T VALUES("PH","Physics","1");
INSERT INTO Department_T VALUES("PS","Psychology","1");
INSERT INTO Department_T VALUES("MA","Math","1");
INSERT INTO Department_T VALUES("EN","English","1");
INSERT INTO Department_T VALUES("PL","Politics","1");
INSERT INTO Department_T VALUES("CJ","Criminal Justice","1");
INSERT INTO Department_T VALUES("EE","Electrical Engineering","1");
INSERT INTO Department_T VALUES("CC","Cyber Criminology","1");
INSERT INTO Department_T VALUES("HI","History","1");

/* Calendar inserts */

INSERT INTO Calendar_T VALUES("2000","FA","2000-01-01","2000-12-31");
INSERT INTO Calendar_T VALUES("2000","WI","2000-01-01","2000-12-31");
INSERT INTO Calendar_T VALUES("2000","SP","2000-01-01","2000-12-31");
INSERT INTO Calendar_T VALUES("2000","SU","2000-01-01","2000-12-31");
INSERT INTO Calendar_T VALUES("2001","FA","2001-01-01","2001-12-31");
INSERT INTO Calendar_T VALUES("2001","WI","2001-01-01","2001-12-31");
INSERT INTO Calendar_T VALUES("2001","SP","2001-01-01","2001-12-31");
INSERT INTO Calendar_T VALUES("2001","SU","2001-01-01","2001-12-31");
INSERT INTO Calendar_T VALUES("2002","FA","2002-01-01","2002-12-31");
INSERT INTO Calendar_T VALUES("2002","WI","2002-01-01","2002-12-31");
INSERT INTO Calendar_T VALUES("2002","SP","2002-01-01","2002-12-31");
INSERT INTO Calendar_T VALUES("2002","SU","2002-01-01","2002-12-31");
INSERT INTO Calendar_T VALUES("2003","FA","2003-01-01","2003-12-31");
INSERT INTO Calendar_T VALUES("2003","WI","2003-01-01","2003-12-31");
INSERT INTO Calendar_T VALUES("2003","SP","2003-01-01","2003-12-31");
INSERT INTO Calendar_T VALUES("2003","SU","2003-01-01","2003-12-31");
INSERT INTO Calendar_T VALUES("2004","FA","2004-01-01","2004-12-31");
INSERT INTO Calendar_T VALUES("2004","WI","2004-01-01","2004-12-31");
INSERT INTO Calendar_T VALUES("2004","SP","2004-01-01","2004-12-31");
INSERT INTO Calendar_T VALUES("2004","SU","2004-01-01","2004-12-31");
INSERT INTO Calendar_T VALUES("2005","FA","2005-01-01","2005-12-31");
INSERT INTO Calendar_T VALUES("2005","WI","2005-01-01","2005-12-31");
INSERT INTO Calendar_T VALUES("2005","SP","2005-01-01","2005-12-31");
INSERT INTO Calendar_T VALUES("2005","SU","2005-01-01","2005-12-31");
INSERT INTO Calendar_T VALUES("2006","FA","2006-01-01","2006-12-31");
INSERT INTO Calendar_T VALUES("2006","WI","2006-01-01","2006-12-31");
INSERT INTO Calendar_T VALUES("2006","SP","2006-01-01","2006-12-31");
INSERT INTO Calendar_T VALUES("2006","SU","2006-01-01","2006-12-31");
INSERT INTO Calendar_T VALUES("2007","FA","2007-01-01","2007-12-31");
INSERT INTO Calendar_T VALUES("2007","WI","2007-01-01","2007-12-31");
INSERT INTO Calendar_T VALUES("2007","SP","2007-01-01","2007-12-31");
INSERT INTO Calendar_T VALUES("2007","SU","2007-01-01","2007-12-31");
INSERT INTO Calendar_T VALUES("2008","FA","2008-01-01","2008-12-31");
INSERT INTO Calendar_T VALUES("2008","WI","2008-01-01","2008-12-31");
INSERT INTO Calendar_T VALUES("2008","SP","2008-01-01","2008-12-31");
INSERT INTO Calendar_T VALUES("2008","SU","2008-01-01","2008-12-31");
INSERT INTO Calendar_T VALUES("2009","FA","2009-01-01","2009-12-31");
INSERT INTO Calendar_T VALUES("2009","WI","2009-01-01","2009-12-31");
INSERT INTO Calendar_T VALUES("2009","SP","2009-01-01","2009-12-31");
INSERT INTO Calendar_T VALUES("2009","SU","2009-01-01","2009-12-31");
INSERT INTO Calendar_T VALUES("2010","FA","2010-01-01","2010-12-31");
INSERT INTO Calendar_T VALUES("2010","WI","2010-01-01","2010-12-31");
INSERT INTO Calendar_T VALUES("2010","SP","2010-01-01","2010-12-31");
INSERT INTO Calendar_T VALUES("2010","SU","2010-01-01","2010-12-31");
INSERT INTO Calendar_T VALUES("2011","FA","2011-01-01","2011-12-31");
INSERT INTO Calendar_T VALUES("2011","WI","2011-01-01","2011-12-31");
INSERT INTO Calendar_T VALUES("2011","SP","2011-01-01","2011-12-31");
INSERT INTO Calendar_T VALUES("2011","SU","2011-01-01","2011-12-31");
INSERT INTO Calendar_T VALUES("2012","FA","2012-01-01","2012-12-31");
INSERT INTO Calendar_T VALUES("2012","WI","2012-01-01","2012-12-31");
INSERT INTO Calendar_T VALUES("2012","SP","2012-01-01","2012-12-31");
INSERT INTO Calendar_T VALUES("2012","SU","2012-01-01","2012-12-31");
INSERT INTO Calendar_T VALUES("2013","FA","2013-01-01","2013-12-31");
INSERT INTO Calendar_T VALUES("2013","WI","2013-01-01","2013-12-31");
INSERT INTO Calendar_T VALUES("2013","SP","2013-01-01","2013-12-31");
INSERT INTO Calendar_T VALUES("2013","SU","2013-01-01","2013-12-31");
INSERT INTO Calendar_T VALUES("2014","FA","2014-01-01","2014-12-31");
INSERT INTO Calendar_T VALUES("2014","WI","2014-01-01","2014-12-31");
INSERT INTO Calendar_T VALUES("2014","SP","2014-01-01","2014-12-31");
INSERT INTO Calendar_T VALUES("2014","SU","2014-01-01","2014-12-31");
INSERT INTO Calendar_T VALUES("2015","FA","2015-01-01","2015-12-31");
INSERT INTO Calendar_T VALUES("2015","WI","2015-01-01","2015-12-31");
INSERT INTO Calendar_T VALUES("2015","SP","2015-01-01","2015-12-31");
INSERT INTO Calendar_T VALUES("2015","SU","2015-01-01","2015-12-31");
INSERT INTO Calendar_T VALUES("2016","FA","2016-01-01","2016-12-31");
INSERT INTO Calendar_T VALUES("2016","WI","2016-01-01","2016-12-31");
INSERT INTO Calendar_T VALUES("2016","SP","2016-01-01","2016-12-31");
INSERT INTO Calendar_T VALUES("2016","SU","2016-01-01","2016-12-31");
INSERT INTO Calendar_T VALUES("2017","FA","2017-01-01","2017-12-31");
INSERT INTO Calendar_T VALUES("2017","WI","2017-01-01","2017-12-31");
INSERT INTO Calendar_T VALUES("2017","SP","2017-01-01","2017-12-31");
INSERT INTO Calendar_T VALUES("2017","SU","2017-01-01","2017-12-31");
INSERT INTO Calendar_T VALUES("2018","FA","2018-01-01","2018-12-31");
INSERT INTO Calendar_T VALUES("2018","WI","2018-01-01","2018-12-31");
INSERT INTO Calendar_T VALUES("2018","SP","2018-01-01","2018-12-31");
INSERT INTO Calendar_T VALUES("2018","SU","2018-01-01","2018-12-31");
INSERT INTO Calendar_T VALUES("2019","FA","2019-01-01","2019-12-31");
INSERT INTO Calendar_T VALUES("2019","WI","2019-01-01","2019-12-31");
INSERT INTO Calendar_T VALUES("2019","SP","2019-01-01","2019-12-31");
INSERT INTO Calendar_T VALUES("2019","SU","2019-01-01","2019-12-31");
INSERT INTO Calendar_T VALUES("2020","FA","2020-01-01","2020-12-31");
INSERT INTO Calendar_T VALUES("2020","WI","2020-01-01","2020-12-31");
INSERT INTO Calendar_T VALUES("2020","SP","2020-01-01","2020-12-31");
INSERT INTO Calendar_T VALUES("2020","SU","2020-01-01","2020-12-31");
INSERT INTO Calendar_T VALUES("2021","FA","2021-01-01","2021-12-31");
INSERT INTO Calendar_T VALUES("2021","WI","2021-01-01","2021-12-31");
INSERT INTO Calendar_T VALUES("2021","SP","2021-01-01","2021-12-31");
INSERT INTO Calendar_T VALUES("2021","SU","2021-01-01","2021-12-31");
INSERT INTO Calendar_T VALUES("2022","FA","2022-01-01","2022-12-31");
INSERT INTO Calendar_T VALUES("2022","WI","2022-01-01","2022-12-31");
INSERT INTO Calendar_T VALUES("2022","SP","2022-01-01","2022-12-31");
INSERT INTO Calendar_T VALUES("2022","SU","2022-01-01","2022-12-31");
INSERT INTO Calendar_T VALUES("2023","FA","2023-01-01","2023-12-31");
INSERT INTO Calendar_T VALUES("2023","WI","2023-01-01","2023-12-31");
INSERT INTO Calendar_T VALUES("2023","SP","2023-01-01","2023-12-31");
INSERT INTO Calendar_T VALUES("2023","SU","2023-01-01","2023-12-31");
INSERT INTO Calendar_T VALUES("2024","FA","2024-01-01","2024-12-31");
INSERT INTO Calendar_T VALUES("2024","WI","2024-01-01","2024-12-31");
INSERT INTO Calendar_T VALUES("2024","SP","2024-01-01","2024-12-31");
INSERT INTO Calendar_T VALUES("2024","SU","2024-01-01","2024-12-31");
INSERT INTO Calendar_T VALUES("2025","FA","2025-01-01","2025-12-31");
INSERT INTO Calendar_T VALUES("2025","WI","2025-01-01","2025-12-31");
INSERT INTO Calendar_T VALUES("2025","SP","2025-01-01","2025-12-31");
INSERT INTO Calendar_T VALUES("2025","SU","2025-01-01","2025-12-31");
INSERT INTO Calendar_T VALUES("2026","FA","2026-01-01","2026-12-31");
INSERT INTO Calendar_T VALUES("2026","WI","2026-01-01","2026-12-31");
INSERT INTO Calendar_T VALUES("2026","SP","2026-01-01","2026-12-31");
INSERT INTO Calendar_T VALUES("2026","SU","2026-01-01","2026-12-31");
INSERT INTO Calendar_T VALUES("2027","FA","2027-01-01","2027-12-31");
INSERT INTO Calendar_T VALUES("2027","WI","2027-01-01","2027-12-31");
INSERT INTO Calendar_T VALUES("2027","SP","2027-01-01","2027-12-31");
INSERT INTO Calendar_T VALUES("2027","SU","2027-01-01","2027-12-31");
INSERT INTO Calendar_T VALUES("2028","FA","2028-01-01","2028-12-31");
INSERT INTO Calendar_T VALUES("2028","WI","2028-01-01","2028-12-31");
INSERT INTO Calendar_T VALUES("2028","SP","2028-01-01","2028-12-31");
INSERT INTO Calendar_T VALUES("2028","SU","2028-01-01","2028-12-31");
INSERT INTO Calendar_T VALUES("2029","FA","2029-01-01","2029-12-31");
INSERT INTO Calendar_T VALUES("2029","WI","2029-01-01","2029-12-31");
INSERT INTO Calendar_T VALUES("2029","SP","2029-01-01","2029-12-31");
INSERT INTO Calendar_T VALUES("2029","SU","2029-01-01","2029-12-31");
INSERT INTO Calendar_T VALUES("2030","FA","2030-01-01","2030-12-31");
INSERT INTO Calendar_T VALUES("2030","WI","2030-01-01","2030-12-31");
INSERT INTO Calendar_T VALUES("2030","SP","2030-01-01","2030-12-31");
INSERT INTO Calendar_T VALUES("2030","SU","2030-01-01","2030-12-31");


/* Building inserts */

INSERT INTO Building_T VALUES("2425","Jennings Hall","1");
INSERT INTO Building_T VALUES("4845","Mroz Hall","1");
INSERT INTO Building_T VALUES("7979","Bond Hall","1");
INSERT INTO Building_T VALUES("2208","Silva Hall","1");
INSERT INTO Building_T VALUES("9609","Cook Hall","1");
INSERT INTO Building_T VALUES("3042","Ritchie Hall","1");
INSERT INTO Building_T VALUES("4029","Herod Hall","1");
INSERT INTO Building_T VALUES("3812","Smith Hall","1");
INSERT INTO Building_T VALUES("9673","Sorg Hall","1");
INSERT INTO Building_T VALUES("1123","Fernandez Hall","1");

/* Room inserts */

INSERT INTO Room_T VALUES("527529","3812","12","1","1","1","1");
INSERT INTO Room_T VALUES("690712","9673","10","1","0","1","1");
INSERT INTO Room_T VALUES("733860","4029","48","0","0","1","1");
INSERT INTO Room_T VALUES("931838","4029","47","1","1","1","1");
INSERT INTO Room_T VALUES("408061","3812","31","1","1","1","1");
INSERT INTO Room_T VALUES("292986","4845","10","1","1","0","1");
INSERT INTO Room_T VALUES("594393","2425","24","1","1","1","1");
INSERT INTO Room_T VALUES("335804","4845","38","1","1","1","1");
INSERT INTO Room_T VALUES("613810","2425","18","1","1","1","1");
INSERT INTO Room_T VALUES("106685","4029","25","0","1","1","1");
INSERT INTO Room_T VALUES("151806","7979","33","1","1","1","1");
INSERT INTO Room_T VALUES("640433","9609","41","1","1","1","1");
INSERT INTO Room_T VALUES("551578","4029","42","1","1","1","1");
INSERT INTO Room_T VALUES("698684","4845","10","1","1","1","1");
INSERT INTO Room_T VALUES("287943","4029","25","1","1","1","1");
INSERT INTO Room_T VALUES("745170","4845","18","1","0","1","1");
INSERT INTO Room_T VALUES("429725","3812","42","1","1","1","1");
INSERT INTO Room_T VALUES("522809","2425","49","1","0","1","1");
INSERT INTO Room_T VALUES("807563","4029","42","0","1","0","1");
INSERT INTO Room_T VALUES("013158","3812","36","1","1","0","1");
INSERT INTO Room_T VALUES("813236","1123","21","1","1","1","1");
INSERT INTO Room_T VALUES("810311","4845","12","1","0","1","1");
INSERT INTO Room_T VALUES("410802","3812","39","1","1","0","1");
INSERT INTO Room_T VALUES("002547","3042","32","1","1","1","1");
INSERT INTO Room_T VALUES("815193","4029","14","1","1","1","1");
INSERT INTO Room_T VALUES("953972","2208","47","1","1","0","1");
INSERT INTO Room_T VALUES("307174","4845","35","1","1","1","1");
INSERT INTO Room_T VALUES("085226","4029","36","1","1","1","1");
INSERT INTO Room_T VALUES("597702","7979","31","1","0","1","1");
INSERT INTO Room_T VALUES("937994","9673","43","1","1","1","1");
INSERT INTO Room_T VALUES("016533","4029","30","1","0","0","1");
INSERT INTO Room_T VALUES("972846","1123","27","0","1","0","1");
INSERT INTO Room_T VALUES("126445","4029","37","1","1","1","1");
INSERT INTO Room_T VALUES("973646","1123","46","1","0","1","1");
INSERT INTO Room_T VALUES("783153","4029","42","1","1","0","1");
INSERT INTO Room_T VALUES("979075","9609","26","1","1","1","1");
INSERT INTO Room_T VALUES("563433","2425","24","1","1","0","1");
INSERT INTO Room_T VALUES("681305","7979","40","0","1","1","1");
INSERT INTO Room_T VALUES("416883","3812","22","1","0","0","1");
INSERT INTO Room_T VALUES("111404","4029","28","1","1","1","1");
INSERT INTO Room_T VALUES("680462","2208","43","1","1","0","1");
INSERT INTO Room_T VALUES("740059","7979","32","1","1","1","1");
INSERT INTO Room_T VALUES("286674","2208","42","0","1","1","1");
INSERT INTO Room_T VALUES("514412","1123","16","1","1","0","1");
INSERT INTO Room_T VALUES("892309","7979","40","1","1","1","1");
INSERT INTO Room_T VALUES("502001","4845","21","1","1","1","1");
INSERT INTO Room_T VALUES("552880","2208","44","1","1","0","1");
INSERT INTO Room_T VALUES("325978","4845","32","1","1","0","1");
INSERT INTO Room_T VALUES("148883","2208","15","1","0","0","1");
INSERT INTO Room_T VALUES("622046","9673","32","1","1","0","1");
INSERT INTO Room_T VALUES("342138","3812","23","0","1","1","1");
INSERT INTO Room_T VALUES("581203","2425","38","1","1","0","1");
INSERT INTO Room_T VALUES("423571","9673","26","0","1","1","1");
INSERT INTO Room_T VALUES("599923","2208","26","1","1","1","1");
INSERT INTO Room_T VALUES("801548","4029","25","1","1","0","1");
INSERT INTO Room_T VALUES("232367","9609","18","0","1","0","1");
INSERT INTO Room_T VALUES("738830","2425","40","0","1","1","1");
INSERT INTO Room_T VALUES("243450","4029","29","0","1","1","1");
INSERT INTO Room_T VALUES("387992","2425","21","1","0","0","0");
INSERT INTO Room_T VALUES("058117","2425","28","1","1","1","1");
INSERT INTO Room_T VALUES("838763","9609","39","1","1","0","1");
INSERT INTO Room_T VALUES("359225","2208","27","1","0","1","1");
INSERT INTO Room_T VALUES("024024","1123","22","0","0","0","1");
INSERT INTO Room_T VALUES("862675","3812","41","1","1","0","1");
INSERT INTO Room_T VALUES("500589","1123","33","1","1","0","1");
INSERT INTO Room_T VALUES("708897","1123","19","1","1","1","1");
INSERT INTO Room_T VALUES("459140","3042","17","1","1","1","1");
INSERT INTO Room_T VALUES("063384","1123","40","1","1","1","1");
INSERT INTO Room_T VALUES("558346","2425","47","1","1","1","1");
INSERT INTO Room_T VALUES("711789","9609","28","1","1","1","1");
INSERT INTO Room_T VALUES("849137","4845","46","1","1","1","1");
INSERT INTO Room_T VALUES("748392","9673","41","0","1","0","0");
INSERT INTO Room_T VALUES("649235","3812","20","1","0","1","1");
INSERT INTO Room_T VALUES("591488","3042","13","1","1","0","1");
INSERT INTO Room_T VALUES("135365","7979","14","1","1","1","1");
INSERT INTO Room_T VALUES("974587","4029","50","1","1","1","1");
INSERT INTO Room_T VALUES("328356","3042","33","1","0","0","1");
INSERT INTO Room_T VALUES("717294","7979","16","1","0","1","1");
INSERT INTO Room_T VALUES("785861","3042","38","1","1","1","1");
INSERT INTO Room_T VALUES("791106","4029","46","1","1","1","1");
INSERT INTO Room_T VALUES("797072","9673","35","1","1","1","1");
INSERT INTO Room_T VALUES("755192","4845","39","1","1","1","1");
INSERT INTO Room_T VALUES("428470","2425","12","1","1","1","1");
INSERT INTO Room_T VALUES("723359","7979","18","1","1","1","1");
INSERT INTO Room_T VALUES("838016","1123","35","1","1","1","1");
INSERT INTO Room_T VALUES("965892","3812","50","1","1","1","1");
INSERT INTO Room_T VALUES("229834","4029","39","1","0","1","1");
INSERT INTO Room_T VALUES("259413","1123","41","1","1","1","1");
INSERT INTO Room_T VALUES("587191","9609","47","1","1","1","1");
INSERT INTO Room_T VALUES("541292","4845","42","1","0","1","1");
INSERT INTO Room_T VALUES("357763","1123","30","1","1","1","1");
INSERT INTO Room_T VALUES("110219","4029","40","1","1","1","1");
INSERT INTO Room_T VALUES("115166","1123","50","1","0","0","1");
INSERT INTO Room_T VALUES("731511","9673","45","1","1","1","1");
INSERT INTO Room_T VALUES("505292","9673","16","1","1","0","1");
INSERT INTO Room_T VALUES("437295","4029","49","1","1","1","1");
INSERT INTO Room_T VALUES("188699","3812","11","1","1","1","1");
INSERT INTO Room_T VALUES("184142","3042","27","1","0","0","1");
INSERT INTO Room_T VALUES("489483","2425","25","1","1","1","1");
INSERT INTO Room_T VALUES("437088","7979","45","1","1","1","1");

/* Course inserts */

INSERT INTO Course_T VALUES("68325","CS","temporary title","6.0","1");
INSERT INTO Course_T VALUES("92431","PH","temporary title","7.5","1");
INSERT INTO Course_T VALUES("95000","PH","temporary title","8.0","0");
INSERT INTO Course_T VALUES("63339","CJ","temporary title","5.0","1");
INSERT INTO Course_T VALUES("61074","TH","temporary title","3.0","1");
INSERT INTO Course_T VALUES("80218","PS","temporary title","4.0","1");
INSERT INTO Course_T VALUES("90173","CJ","temporary title","4.0","1");
INSERT INTO Course_T VALUES("94875","DA","temporary title","6.0","1");
INSERT INTO Course_T VALUES("46220","DA","temporary title","2.0","1");
INSERT INTO Course_T VALUES("03228","HI","temporary title","3.0","1");
INSERT INTO Course_T VALUES("55097","PL","temporary title","5.5","0");
INSERT INTO Course_T VALUES("34849","PH","temporary title","7.0","1");
INSERT INTO Course_T VALUES("06487","EE","temporary title","2.0","1");
INSERT INTO Course_T VALUES("59851","EE","temporary title","7.0","1");
INSERT INTO Course_T VALUES("73611","EE","temporary title","7.0","1");
INSERT INTO Course_T VALUES("72707","DA","temporary title","7.0","0");
INSERT INTO Course_T VALUES("84707","CS","temporary title","2.5","1");
INSERT INTO Course_T VALUES("21283","EN","temporary title","8.0","1");
INSERT INTO Course_T VALUES("36520","HI","temporary title","5.0","1");
INSERT INTO Course_T VALUES("61017","EN","temporary title","4.0","0");
INSERT INTO Course_T VALUES("98700","CC","temporary title","2.0","1");
INSERT INTO Course_T VALUES("59964","CC","temporary title","8.0","1");
INSERT INTO Course_T VALUES("66565","PS","temporary title","8.0","1");
INSERT INTO Course_T VALUES("80210","CS","temporary title","8.0","1");
INSERT INTO Course_T VALUES("00559","EN","temporary title","3.5","1");
INSERT INTO Course_T VALUES("09611","HI","temporary title","2.0","1");
INSERT INTO Course_T VALUES("99441","EN","temporary title","6.0","1");
INSERT INTO Course_T VALUES("69458","HI","temporary title","3.0","1");
INSERT INTO Course_T VALUES("89712","BU","temporary title","6.0","1");
INSERT INTO Course_T VALUES("96550","EE","temporary title","4.5","1");

/* Student inserts */

INSERT INTO Student_T VALUES("0375817425","Patrick","Turner","1998","2002","1988-01-08","f","110 Lenoak Drive","","Louisville","40214","7481748147","","791Turner56Patrick@yahoo.com","4Patrick84Turner59@hotmail.com","US","KY");
INSERT INTO Student_T VALUES("8377098369","Megan","Webb","2003","2007","1984-11-17","m","39247 Sundale Drive","","Fremont","94538","6428416327","","Webb840747@gmail.com","","US","CA");
INSERT INTO Student_T VALUES("1480830802","William","Herring","1987","1989","1985-07-14","f","13501 Vasili Drive","","Anchorage","99577","4437292105","","William715257@yahoo.com","41157Herring5@yahoo.net","US","AK");
INSERT INTO Student_T VALUES("8115673594","Donald","Engel","1993","1994","1991-01-31","f","714 Venetian Way","","Panama City","32405","7545513891","","7Donald9Engel768@gmail.com","","US","FL");
INSERT INTO Student_T VALUES("3982947941","Alice","Ross","1994","1996","1982-01-02","f","119 Captain Chase Road","","Dennis","02639","2439301635","","14Ross34Alice7@redmail.org","41446Ross2@yahoo.com","US","MA");
INSERT INTO Student_T VALUES("6090598456","Corey","Stewart","1994","1996","1988-09-13","f","6870 West 52nd Avenue","","Arvada","80002","0227029678","","6882Stewart0Corey@gmail.com","","US","CO");
INSERT INTO Student_T VALUES("1139200181","Daniel","Spaulding","1991","1994","1982-12-16","f","814 Keswick Boulevard","","Louisville","40217","3052101646","","592305Spaulding@bing.com","","US","KY");
INSERT INTO Student_T VALUES("9531071915","Benjamin","Herrera","1988","1989","1982-05-22","f","2506 West Madison Street","","Louisville","40211","3738576168","","2Benjamin08Herrera33@bing.net","","US","KY");
INSERT INTO Student_T VALUES("9460814156","Brian","Riordan","2007","2014","1994-12-27","m","7901 West 52nd Avenue","#205","Arvada","80002","2387362662","","22RiordanBrian509@hotmail.net","","US","CO");
INSERT INTO Student_T VALUES("4390602398","Robert","Morrow","2002","2008","1991-01-31","f","1937 Carleton Street","M","Berkeley","94704","2437638683","","2Robert6Morrow635@gmail.net","","US","CA");
INSERT INTO Student_T VALUES("4223519692","Jerry","Flores","2008","2013","1993-02-04","f","4600 Ritchie Highway","","Baltimore","21225","8427885142","","84Flores025Jerry@hotmail.net","","US","MD");
INSERT INTO Student_T VALUES("8685145428","Margaret","Lowry","2000","2001","2000-06-29","m","12245 West 71st Place","","Arvada","80004","4492522577","","7692Margaret5Lowry@hotmail.org","","US","CO");
INSERT INTO Student_T VALUES("7572287749","Daniel","Mcqueen","2001","2006","1997-03-22","f","5600 Carmichael Road","","Montgomery","36117","5938942920","0947958290","67962Mcqueen5@redmail.org","","US","AL");
INSERT INTO Student_T VALUES("0546484182","Rebecca","Ellis","2010","2013","1990-11-03","f","295 Townes Drive","","Nashville","37211","4911324862","","42RebeccaEllis031@hotmail.net","","US","TN");
INSERT INTO Student_T VALUES("6020588970","Betty","Hill","2015","2020","1995-06-16","m","4537 Tanglewood Trail","","Boulder","80301","4056577439","","756Hill94Betty@hotmail.net","","US","CO");
INSERT INTO Student_T VALUES("6427326344","Teresa","Eusebio","2002","2003","1982-12-18","m","121 Mills Run Drive","","Savannah","31405","7773182458","","43Eusebio6Teresa48@gmail.com","6101Teresa32@gmail.org","US","GA");
INSERT INTO Student_T VALUES("3550444602","Alisa","Dillard","1997","2000","1988-09-30","f","7405 River Park Drive","","Nashville","37221","7796529579","","0955DillardAlisa0@hotmail.com","","US","TN");
INSERT INTO Student_T VALUES("2108684337","Genevieve","Tobias","1999","2003","1990-06-05","m","7703 Aragorn Court","","Hanover","21076","4751205511","","Genevieve20289Tobias@redmail.org","7371Tobias2Genevieve@bing.com","US","MD");
INSERT INTO Student_T VALUES("6959663019","Danielle","Williams","2011","2013","1989-02-06","f","7250 Urban Drive","","Arvada","80005","8604363846","","5Danielle34Williams94@yahoo.org","","US","CO");
INSERT INTO Student_T VALUES("1050506608","Suzanne","Eason","1993","1994","1983-03-06","f","584 Westford Street","#2","Lowell","01851","5348690175","","6075Eason7Suzanne@gmail.org","","US","MA");
INSERT INTO Student_T VALUES("1895235583","Stephen","Williamson","2003","2004","1985-09-03","m","21007 North 53rd Avenue","","Glendale","85308","1222592310","","47Stephen1Williamson97@bing.net","","US","AZ");
INSERT INTO Student_T VALUES("6474126878","Kurt","Vanalstyne","2018","2019","1997-11-15","f","16 Harlow Road","","Springfield","05156","7391527692","","6290Kurt5Vanalstyne@hotmail.com","","US","VT");
INSERT INTO Student_T VALUES("1231392425","Daniel","Zayas","1987","1990","1982-11-22","m","552 Maynadier Lane","","Crownsville","21032","7307623659","","5Daniel35759@yahoo.com","Zayas11832Daniel@redmail.org","US","MD");
INSERT INTO Student_T VALUES("3755485742","Joanne","Sanchez","2002","2009","1983-04-08","m","5472 Sunstar Common","","Fremont","94555","6905708111","","0902Sanchez24@yahoo.net","","US","CA");
INSERT INTO Student_T VALUES("6294272349","Brigitte","Rolfes","1983","1989","1981-02-25","m","105 West Wareingwood Drive","","Montgomery","36109","6082164554","","264Brigitte47Rolfes@hotmail.org","","US","AL");
INSERT INTO Student_T VALUES("4191201580","Mary","Lupton","2000","2002","1985-03-01","m","2405 230th Street","","Pasadena","21122","6054948675","","1362Mary0Lupton@redmail.com","3Lupton4667Mary@bing.com","US","MD");
INSERT INTO Student_T VALUES("9706806787","Shaneka","Jones","2009","2011","1993-09-03","m","10 South Main Street","","Fair Haven","05743","7755485830","","922Shaneka38Jones@hotmail.com","","US","VT");
INSERT INTO Student_T VALUES("2980477631","Gary","Nicholson","1993","1999","1980-07-21","f","56 Concord Road","","Manchester","06042","1387536730","","7Nicholson5Gary670@bing.com","","US","CT");
INSERT INTO Student_T VALUES("9006616241","Nancy","Jacobs","1998","1999","1990-05-29","f","813 Holt Grove Court","","Nashville","37211","2269974878","7459591182","350697Nancy@yahoo.org","","US","TN");
INSERT INTO Student_T VALUES("3658832118","Courtney","Umland","1993","1994","1985-05-26","m","1552 Gibson Street","","Montgomery","36110","7117363832","","4Courtney8277Umland@hotmail.net","","US","AL");
INSERT INTO Student_T VALUES("4429264154","Helen","Bursi","1995","2005","1981-11-09","f","13525 West Stella Lane","","Litchfield Park","85340","0730456948","","Bursi6458Helen6@hotmail.com","","US","AZ");
INSERT INTO Student_T VALUES("0453179235","Karen","Riordan","2005","2006","1996-12-27","m","172 Alburg Springs Road","","Alburgh","05440","7718590278","","Karen364523@gmail.net","","US","VT");
INSERT INTO Student_T VALUES("1342063905","Travis","Vargas","2013","2020","1995-10-27","f","5715 Saint Matthew Drive","","Newark","94560","6745774590","","032Vargas63Travis@hotmail.net","","US","CA");
INSERT INTO Student_T VALUES("2520661363","Valorie","Allen","2004","2008","1998-08-18","m","1318 4th Street Southwest","","Washington","20024","2907935261","3885707684","0119Allen3Valorie@yahoo.com","5103ValorieAllen0@hotmail.net","US","DC");
INSERT INTO Student_T VALUES("8312918478","Michelle","Jackson","2000","2003","1982-06-28","m","8040 Cranberry Street","","Anchorage","99502","9808305206","","Jackson4435Michelle6@bing.com","","US","AK");
INSERT INTO Student_T VALUES("8964154020","Jessie","Walker","2011","2017","1998-06-05","f","760 11th Street Southeast","","Washington","20003","9453089337","","73556Jessie5@yahoo.net","","US","DC");
INSERT INTO Student_T VALUES("1553806861","Stephanie","Hosea","1989","1994","1981-07-08","m","228 Central Street","","Milford","01757","1883383158","","Hosea063560@bing.com","","US","MA");
INSERT INTO Student_T VALUES("4793948221","Sophia","Vaughan","2010","2010","1998-05-12","f","13852 West 66th Place","","Arvada","80004","1194969855","","5795VaughanSophia4@redmail.com","","US","CO");
INSERT INTO Student_T VALUES("5556398284","Michael","Cotelesse","2008","2014","1988-07-30","m","8409 Gullane Court","","Pasadena","21122","4813014238","","14087CotelesseMichael@yahoo.org","","US","MD");
INSERT INTO Student_T VALUES("7818744188","Robert","Johnson","2007","2013","1989-04-17","m","903 East 20th Avenue","","Anchorage","99501","8350607414","","03326JohnsonRobert@yahoo.com","Robert066027@bing.org","US","AK");
INSERT INTO Student_T VALUES("4644266470","Kevin","Mccann","2003","2007","2000-01-20","m","840 River Crest Court","#5","Louisville","40206","1934404972","","KevinMccann15723@hotmail.org","Mccann24Kevin212@yahoo.com","US","KY");
INSERT INTO Student_T VALUES("9821821137","Adrian","Hansen","1991","1993","1980-03-22","f","419 Wabasso Avenue","","Louisville","40209","9011748919","","10822AdrianHansen@gmail.org","","US","KY");
INSERT INTO Student_T VALUES("7263824609","Kathleen","Glantz","1985","1986","1985-08-24","f","75 Wilfred Road","","Manchester","06040","6199287244","","Glantz78Kathleen917@redmail.org","","US","CT");
INSERT INTO Student_T VALUES("8170622507","Elaine","Coleman","2005","2010","1988-08-26","m","407 West Hillwood Drive","","Nashville","37205","6431704164","5477865342","33Elaine1Coleman16@yahoo.org","","US","TN");
INSERT INTO Student_T VALUES("2345020861","Mark","Ng","1996","2000","1994-08-08","m","1606 Trevilian Way","","Louisville","40205","1734259413","","34697Mark9@bing.net","","US","KY");
INSERT INTO Student_T VALUES("6563295043","Diane","Cox","2001","2009","1987-06-21","f","8467 Chase Drive","","Arvada","80003","4923730726","1278596357","9Cox7561Diane@redmail.com","","US","CO");
INSERT INTO Student_T VALUES("2539064313","George","Pancoast","2016","2024","1995-03-04","m","2527 Lisenby Avenue","","Panama City","32405","5088529548","","50Pancoast649George@redmail.net","330Pancoast54George@gmail.org","US","FL");
INSERT INTO Student_T VALUES("4612683549","Anne","Goldstein","1988","1988","1984-06-02","f","6611 5th Street Northwest","","Washington","20012","8899622848","","596GoldsteinAnne14@redmail.com","","US","DC");
INSERT INTO Student_T VALUES("0527931347","Ronald","Martin","2007","2013","1998-11-08","f","1838 Crofton Parkway","","Crofton","21114","7167772237","","4Martin65Ronald92@yahoo.com","Ronald2Martin5715@gmail.com","US","MD");
INSERT INTO Student_T VALUES("0479887174","Heather","Blenman","2002","2006","1992-06-05","m","219 Shana Road","","Glen Burnie","21060","9935665188","","2Heather8Blenman579@yahoo.com","726885Heather@yahoo.net","US","MD");

/* Faculty inserts */

INSERT INTO Faculty_T VALUES("1943890988","Ronald","Camilli","tenured","9993268811","42090","1967-07-28","4113 Holiday Drive","","Panama City","32408","","5083RonaldCamilli8@redmail.net","","DA","US","FL");
INSERT INTO Faculty_T VALUES("6661761138","Hazel","Crader","professor","8827164468","77088","1952-12-16","1243 Doris Avenue","","Pasadena","21122","","15953CraderHazel@bing.com","","DA","US","MD");
INSERT INTO Faculty_T VALUES("1353544183","Lacy","Scott","adjunct","3400466248","51081","1980-03-25","10124 Watsonville Road","","Louisville","40272","","1LacyScott4438@gmail.com","","PH","US","KY");
INSERT INTO Faculty_T VALUES("8550799403","Theresa","Heming","teaching assistant","3299441073","93957","1995-03-25","2064 West Columbia Way","","Hanford","93230","","Heming80520Theresa@gmail.net","","DA","US","CA");
INSERT INTO Faculty_T VALUES("7336071770","Ramiro","Bemrose","professor","6450498498","13149","1998-06-09","618 Ava Circle Northeast","","Washington","20017","","Bemrose5Ramiro0990@hotmail.com","","BU","US","DC");
INSERT INTO Faculty_T VALUES("9099578136","Letitia","Johnston","professsor","2852655779","71617","1953-08-10","64 Church Street","","Hardwick","01031","","18Johnston33Letitia2@redmail.net","","PH","US","MA");
INSERT INTO Faculty_T VALUES("5583761013","Patricia","Moreno","professor","4822916402","9313","1972-09-12","1 Tanaquay Court","","Savannah","31411","","8Moreno6Patricia503@hotmail.com","","PS","US","GA");
INSERT INTO Faculty_T VALUES("6263398370","Lorena","Bunn","professor","7953540329","42201","1986-12-05","3301 Old Muldoon Road","","Anchorage","99504","1903093960","25Bunn714Lorena@hotmail.org","94BunnLorena713@redmail.com","PS","US","AK");
INSERT INTO Faculty_T VALUES("0091711066","Roy","Taylor","professor","8403703002","40217","1989-01-12","72 Bentley Avenue","","Poultney","05764","4265849615","19Roy7Taylor89@bing.net","","HI","US","VT");
INSERT INTO Faculty_T VALUES("8630549340","John","Player","tenured","6896435196","94778","1950-05-14","38 Renwick Road","","Melrose","02176","3767602226","71Player46John4@gmail.org","","HI","US","MA");
INSERT INTO Faculty_T VALUES("9009390181","Kristy","Hochstetler","professor","1488637223","60563","1966-08-19","22207 Quinterno Court","","Cupertino","95014","","9HochstetlerKristy4477@bing.net","Hochstetler6Kristy2050@gmail.com","DA","US","CA");
INSERT INTO Faculty_T VALUES("9764137127","Raymond","Rushing","professor","7509249918","40416","1987-08-10","4602 West Luke Avenue","","Glendale","85301","","2Rushing4853Raymond@bing.org","7Rushing38173@yahoo.net","PL","US","AZ");
INSERT INTO Faculty_T VALUES("8164252665","Ricky","Rosas","professor","2169862885","42422","1965-11-12","171 Brickhill Circle","","Pooler","31322","","69RickyRosas189@hotmail.com","","CC","US","GA");
INSERT INTO Faculty_T VALUES("8899891935","Jennifer","Dahlheimer","professor","7175248928","9399","1997-05-16","17623 Norma Lane","","Fountain","32438","5393972910","081Dahlheimer774@yahoo.net","","HI","US","FL");
INSERT INTO Faculty_T VALUES("7401984545","Janet","Burke","adjunct","0112040016","28705","1964-11-29","184 Oak Street","","Foxborough","02035","","81JanetBurke136@yahoo.com","","PL","US","MA");
INSERT INTO Faculty_T VALUES("8642284562","George","Mclendon","professor","6902301325","17962","1963-07-05","108 East 11th Avenue","#APT 000002","Anchorage","99501","","George62189Mclendon@gmail.org","7Mclendon61George22@bing.com","TH","US","AK");
INSERT INTO Faculty_T VALUES("9110293913","Heidi","Delargy","professor","8404528979","36204","1990-04-30","1753 Zion Road","#E33","Fayetteville","72703","9011052633","3428DelargyHeidi1@bing.org","","MA","US","AR");
INSERT INTO Faculty_T VALUES("9435132011","Eddie","Kail","professor","4789395699","94011","1978-06-15","24647 Patricia Court","","Hayward","94541","","8Kail40Eddie37@gmail.org","","CC","US","CA");
INSERT INTO Faculty_T VALUES("2471091259","Holli","Heyward","teaching assistant","2240811334","9223","1979-04-27","481 East Redbud Lane","","Fayetteville","72703","","32820HolliHeyward@hotmail.com","","TH","US","AR");
INSERT INTO Faculty_T VALUES("4652254258","Terri","Joshua","teaching assistant","0149677291","43216","1970-08-19","3808 Richland Avenue","","Nashville","37205","","JoshuaTerri16623@hotmail.org","","PH","US","TN");
INSERT INTO Faculty_T VALUES("0770667068","Maxine","Nebel","professor","8982505767","16143","1964-02-21","2441 Chase Park Drive","","Montgomery","36110","","0Maxine3Nebel276@hotmail.net","Maxine125Nebel31@hotmail.net","PL","US","AL");
INSERT INTO Faculty_T VALUES("8814556900","Allison","Richards","professor","4270069406","86673","1948-08-12","2130 Winona Avenue","","Montgomery","36107","9225397531","3Richards638Allison6@gmail.org","","DA","US","AL");
INSERT INTO Faculty_T VALUES("4094669269","Miles","Daley","professor","6842916500","98796","1996-05-08","5157 West Kerry Lane","","Glendale","85308","","9610DaleyMiles4@redmail.com","","DA","US","AZ");
INSERT INTO Faculty_T VALUES("4240118325","Mary","Hughes","professsor","8880940215","51804","1947-08-17","2506 West Madison Street","","Louisville","40211","","Hughes5Mary5485@yahoo.net","","CJ","US","KY");
INSERT INTO Faculty_T VALUES("1573961132","Maria","Elliott","tenured","9317242160","95091","1958-12-05","2829 Cambridge Court","","Oklahoma City","73116","","2Maria8Elliott100@redmail.org","","BU","US","OK");
INSERT INTO Faculty_T VALUES("8326401254","Leah","William","professsor","7250481714","13029","1973-02-14","14 Huntington Street","","Manchester","06040","","8William675Leah0@hotmail.net","","CS","US","CT");
INSERT INTO Faculty_T VALUES("7674409793","Sean","Holstein","adjunct","1479253629","84268","1984-11-18","2034 Fairfax Road","","Annapolis","21401","7702373683","Sean19Holstein799@redmail.org","","CJ","US","MD");
INSERT INTO Faculty_T VALUES("2328481509","Margaret","Taylor","professor","0073305015","71166","1941-12-18","8351 Forest Drive","","Pasadena","21122","","13432Margaret0@gmail.net","","EE","US","MD");
INSERT INTO Faculty_T VALUES("0174061850","Angela","Bales","teaching assistant","4688387399","99084","1953-05-15","1056 Cayer Drive","","Glen Burnie","21061","","931Bales6Angela4@yahoo.net","","MA","US","MD");
INSERT INTO Faculty_T VALUES("6126856304","Adam","Edmunds","tenured","9594636210","81205","1958-08-18","1309 Southwest 71st Terrace","","Oklahoma City","73159","2376580085","Adam557164@yahoo.net","","PL","US","OK");
INSERT INTO Faculty_T VALUES("6087321434","Elaine","Beck","teaching assistant","7956243276","43497","1948-03-02","2113 Bowen Drive","","Montgomery","36106","6329771401","2Beck8184Elaine@redmail.org","","CS","US","AL");
INSERT INTO Faculty_T VALUES("3514492744","David","Pults","professor","1250016057","74334","1982-10-28","4130 Legation Street Northwest","","Washington","20015","0888193221","08Pults1063@hotmail.net","PultsDavid41815@bing.net","CJ","US","DC");
INSERT INTO Faculty_T VALUES("1168599545","Robert","Roule","professsor","3510034303","90315","1993-01-17","5224 Wasena Avenue","","Baltimore","21225","","58697Roule2@hotmail.net","","CS","US","MD");
INSERT INTO Faculty_T VALUES("1248810561","Veronica","Sprengeler","professor","6540875461","53514","1956-04-17","1907 18th Avenue South","","Nashville","37212","","Veronica8Sprengeler3754@yahoo.com","","DA","US","TN");
INSERT INTO Faculty_T VALUES("8886489981","Kayla","Vasquez","professsor","4605234788","7415","1970-11-10","1318 35th Street Northwest","","Washington","20007","","9707KaylaVasquez2@gmail.org","","PH","US","DC");
INSERT INTO Faculty_T VALUES("7175967162","Peter","Allen","professsor","3606092698","43102","1960-08-18","2300 Deer Path Circle","#207","Hurstbourne Acres","40220","","5183AllenPeter0@gmail.net","","PH","US","KY");
INSERT INTO Faculty_T VALUES("7627936414","Ross","Guzman","professor","4761651385","51897","1966-02-04","173 Spruce Street","#18","Manchester","06040","","Ross64Guzman585@redmail.org","","CC","US","CT");
INSERT INTO Faculty_T VALUES("4266953264","Beverly","Olmstead","teaching assistant","6331016995","69737","1965-10-13","25 Morton Street","#216","Quincy","02169","1409974426","24Olmstead9Beverly48@gmail.net","","CC","US","MA");
INSERT INTO Faculty_T VALUES("3252115518","Carleen","Moeller","professor","3194598310","68361","1973-05-14","1908 Peachtree Avenue","","Oklahoma City","73121","","66Carleen0Moeller30@bing.com","","PH","US","OK");
INSERT INTO Faculty_T VALUES("9045463111","Jose","Guerrero","professor","4330256103","2751","1990-12-30","5150 West Eugie Avenue","#2021","Glendale","85304","","34360JoseGuerrero@yahoo.com","","HI","US","AZ");
INSERT INTO Faculty_T VALUES("8420413643","Jeffrey","Ball","professor","5965096662","90928","1983-07-12","162 South Main Street","","Stowe","05672","","Ball758Jeffrey99@bing.org","","EE","US","VT");
INSERT INTO Faculty_T VALUES("7350075070","Nancy","Brock","professor","9754482080","14162","1998-11-03","1537 Northwest 123rd Street","","Oklahoma City","73120","","49815BrockNancy@hotmail.com","6715Nancy0Brock@bing.com","DA","US","OK");
INSERT INTO Faculty_T VALUES("4708975864","Jacob","Wilkie","professsor","6336043826","20675","1973-04-28","14 Linden Street","","Manchester","06040","","6Wilkie9Jacob622@yahoo.org","3Wilkie1Jacob003@yahoo.com","PL","US","CT");
INSERT INTO Faculty_T VALUES("0572198318","Richard","Pugh","professor","4865889770","56135","1959-01-27","308 School Avenue","","Panama City","32401","0309823854","4409Richard07@redmail.com","","DA","US","FL");
INSERT INTO Faculty_T VALUES("2201086954","Kelly","Standridge","professsor","7666274600","4734","1989-02-22","143 Canton Court","","Goodlettsville","37072","4018495532","485StandridgeKelly46@yahoo.net","5434KellyStandridge3@redmail.com","PL","US","TN");
INSERT INTO Faculty_T VALUES("5889128131","Wanda","Briggs","professor","3549097720","22155","1967-04-21","323 Randolph Street","","Montgomery","36104","","4Wanda752Briggs2@bing.com","","PS","US","AL");
INSERT INTO Faculty_T VALUES("0254919553","Teresa","Roberts","tenured","7479975841","6075","1952-10-01","49 West Street","","Bolton","05676","5232644131","RobertsTeresa08499@hotmail.net","Teresa667Roberts95@yahoo.com","DA","US","VT");
INSERT INTO Faculty_T VALUES("9622379836","Edna","Mctaggart","professor","0522880811","16938","1950-02-16","3534 Saint Lawrence Road","","Nashville","37080","","38Mctaggart4246@gmail.com","","EE","US","TN");
INSERT INTO Faculty_T VALUES("3691459070","Emma","Gardner","adjunct","6896202047","51094","1960-02-01","335 C Street Southeast","","Washington","20003","","4GardnerEmma2211@gmail.com","004EmmaGardner10@hotmail.com","MA","US","DC");
INSERT INTO Faculty_T VALUES("8782654250","Danielle","Lucas","professor","8190942450","14989","1942-09-03","9716 South Silver Lake Road","","Fountain","32438","1054233293","Lucas455Danielle02@gmail.net","","CJ","US","FL");

/* Section inserts */

INSERT INTO Section_T VALUES("E","36520","2026","SP","7336071770","259413","10:00 AM","10:50 AM","25","1123","MWR");
INSERT INTO Section_T VALUES("F","09611","2007","SP","7674409793","745170","11:00 AM","11:50 AM","15","4845","MTWRF");
INSERT INTO Section_T VALUES("F","80210","2027","FA","4266953264","973646","9:00 AM","9:50 AM","35","1123","MWF");
INSERT INTO Section_T VALUES("C","59851","2011","FA","7350075070","785861","8:00 AM","8:50 AM","50","3042","TRS");
INSERT INTO Section_T VALUES("G","89712","2026","FA","9099578136","522809","10:00 AM","10:50 AM","35","2425","MWS");
INSERT INTO Section_T VALUES("D","73611","2021","SU","7336071770","058117","9:00 AM","9:50 AM","40","2425","MWS");
INSERT INTO Section_T VALUES("E","03228","2030","SU","6263398370","357763","11:00 AM","11:50 AM","40","1123","TRS");
INSERT INTO Section_T VALUES("D","03228","2007","WI","2201086954","862675","9:00 AM","9:50 AM","50","3812","S");
INSERT INTO Section_T VALUES("H","89712","2030","FA","9045463111","387992","10:00 AM","10:50 AM","50","2425","TR");
INSERT INTO Section_T VALUES("C","06487","2011","SU","7175967162","807563","8:00 AM","8:50 AM","40","4029","MWR");
INSERT INTO Section_T VALUES("D","95000","2027","FA","7627936414","931838","10:00 AM","10:50 AM","50","4029","S");
INSERT INTO Section_T VALUES("A","84707","2011","SU","3514492744","410802","8:00 AM","8:50 AM","20","3812","MTWRF");
INSERT INTO Section_T VALUES("H","72707","2026","SU","3691459070","594393","9:00 AM","9:50 AM","45","2425","MWF");
INSERT INTO Section_T VALUES("B","03228","2023","WI","1353544183","581203","10:00 AM","10:50 AM","30","2425","MWF");
INSERT INTO Section_T VALUES("C","72707","2002","SP","0174061850","489483","8:00 AM","8:50 AM","45","2425","MWS");
INSERT INTO Section_T VALUES("A","80210","2009","SP","8326401254","387992","11:00 AM","11:50 AM","15","2425","MWS");
INSERT INTO Section_T VALUES("C","95000","2011","FA","0770667068","286674","9:00 AM","9:50 AM","15","2208","TRS");
INSERT INTO Section_T VALUES("A","94875","2015","SP","2328481509","892309","11:00 AM","11:50 AM","10","7979","TR");
INSERT INTO Section_T VALUES("F","92431","2027","WI","4266953264","259413","11:00 AM","11:50 AM","30","1123","MWS");
INSERT INTO Section_T VALUES("A","95000","2013","SP","9045463111","232367","11:00 AM","11:50 AM","20","9609","S");
INSERT INTO Section_T VALUES("D","55097","2006","SP","1943890988","387992","9:00 AM","9:50 AM","15","2425","MWS");
INSERT INTO Section_T VALUES("E","59851","2013","WI","2328481509","243450","9:00 AM","9:50 AM","40","4029","MWF");
INSERT INTO Section_T VALUES("A","46220","2027","WI","2328481509","849137","9:00 AM","9:50 AM","30","4845","TR");
INSERT INTO Section_T VALUES("E","66565","2014","SU","3514492744","416883","11:00 AM","11:50 AM","10","3812","MWF");
INSERT INTO Section_T VALUES("G","66565","2019","SU","3252115518","723359","9:00 AM","9:50 AM","10","7979","MTR");
INSERT INTO Section_T VALUES("C","03228","2007","SU","8886489981","748392","9:00 AM","9:50 AM","25","9673","S");
INSERT INTO Section_T VALUES("C","59964","2022","WI","8899891935","429725","10:00 AM","10:50 AM","15","3812","WFS");
INSERT INTO Section_T VALUES("G","21283","2019","WI","1353544183","505292","10:00 AM","10:50 AM","10","9673","TRS");
INSERT INTO Section_T VALUES("B","73611","2009","SU","0254919553","527529","10:00 AM","10:50 AM","20","3812","WFS");
INSERT INTO Section_T VALUES("B","92431","2016","SP","6263398370","410802","9:00 AM","9:50 AM","35","3812","MTR");

/* Enrollment inserts */

INSERT INTO Enrollment_T (StuID, SectionID, CourseID, Yr, Term, Midterm, Final, Add_date, Drop_date, Withdraw_date) VALUES("1553806861","F","80210","2027","FA","2027-01-01","2027-12-31","2026-11-16",null,null);
INSERT INTO Enrollment_T (StuID, SectionID, CourseID, Yr, Term, Midterm, Final, Add_date, Drop_date, Withdraw_date) VALUES("6959663019","E","36520","2026","SP","2026-01-01","2026-12-31","2025-11-16",null,null);
INSERT INTO Enrollment_T (StuID, SectionID, CourseID, Yr, Term, Midterm, Final, Add_date, Drop_date, Withdraw_date) VALUES("4223519692","D","55097","2006","SP","2006-01-01","2006-12-31","2005-11-16",null,null);
INSERT INTO Enrollment_T (StuID, SectionID, CourseID, Yr, Term, Midterm, Final, Add_date, Drop_date, Withdraw_date) VALUES("0453179235","B","92431","2016","SP","2016-01-01","2016-12-31","2015-11-16",null,null);
INSERT INTO Enrollment_T (StuID, SectionID, CourseID, Yr, Term, Midterm, Final, Add_date, Drop_date, Withdraw_date) VALUES("6427326344","A","80210","2009","SP","2009-01-01","2009-12-31","2008-11-16",null,null);
INSERT INTO Enrollment_T (StuID, SectionID, CourseID, Yr, Term, Midterm, Final, Add_date, Drop_date, Withdraw_date) VALUES("2345020861","C","03228","2007","SU","2007-01-01","2007-12-31","2006-11-16",null,null);
INSERT INTO Enrollment_T (StuID, SectionID, CourseID, Yr, Term, Midterm, Final, Add_date, Drop_date, Withdraw_date) VALUES("5556398284","A","46220","2027","WI","2027-01-01","2027-12-31","2026-11-16",null,"2027-2-13");
INSERT INTO Enrollment_T (StuID, SectionID, CourseID, Yr, Term, Midterm, Final, Add_date, Drop_date, Withdraw_date) VALUES("2539064313","A","46220","2027","WI","2027-01-01","2027-12-31","2026-11-16",null,null);
INSERT INTO Enrollment_T (StuID, SectionID, CourseID, Yr, Term, Midterm, Final, Add_date, Drop_date, Withdraw_date) VALUES("9006616241","A","84707","2011","SU","2011-01-01","2011-12-31","2010-11-16",null,null);
INSERT INTO Enrollment_T (StuID, SectionID, CourseID, Yr, Term, Midterm, Final, Add_date, Drop_date, Withdraw_date) VALUES("3550444602","A","46220","2027","WI","2027-01-01","2027-12-31","2026-11-16",null,null);
INSERT INTO Enrollment_T (StuID, SectionID, CourseID, Yr, Term, Midterm, Final, Add_date, Drop_date, Withdraw_date) VALUES("6474126878","E","66565","2014","SU","2014-01-01","2014-12-31","2013-11-16",null,null);
INSERT INTO Enrollment_T (StuID, SectionID, CourseID, Yr, Term, Midterm, Final, Add_date, Drop_date, Withdraw_date) VALUES("9821821137","A","46220","2027","WI","2027-01-01","2027-12-31","2026-11-16",null,null);
INSERT INTO Enrollment_T (StuID, SectionID, CourseID, Yr, Term, Midterm, Final, Add_date, Drop_date, Withdraw_date) VALUES("3982947941","C","72707","2002","SP","2002-01-01","2002-12-31","2001-11-16",null,"2002-10-13");
INSERT INTO Enrollment_T (StuID, SectionID, CourseID, Yr, Term, Midterm, Final, Add_date, Drop_date, Withdraw_date) VALUES("9821821137","B","03228","2023","WI","2023-01-01","2023-12-31","2022-11-16",null,null);
INSERT INTO Enrollment_T (StuID, SectionID, CourseID, Yr, Term, Midterm, Final, Add_date, Drop_date, Withdraw_date) VALUES("4644266470","A","46220","2027","WI","2027-01-01","2027-12-31","2026-11-16",null,null);
INSERT INTO Enrollment_T (StuID, SectionID, CourseID, Yr, Term, Midterm, Final, Add_date, Drop_date, Withdraw_date) VALUES("0527931347","B","73611","2009","SU","2009-01-01","2009-12-31","2008-11-16",null,null);
INSERT INTO Enrollment_T (StuID, SectionID, CourseID, Yr, Term, Midterm, Final, Add_date, Drop_date, Withdraw_date) VALUES("0453179235","A","95000","2013","SP","2013-01-01","2013-12-31","2012-11-16",null,null);
INSERT INTO Enrollment_T (StuID, SectionID, CourseID, Yr, Term, Midterm, Final, Add_date, Drop_date, Withdraw_date) VALUES("4793948221","A","46220","2027","WI","2027-01-01","2027-12-31","2026-11-16",null,null);
INSERT INTO Enrollment_T (StuID, SectionID, CourseID, Yr, Term, Midterm, Final, Add_date, Drop_date, Withdraw_date) VALUES("0453179235","C","59851","2011","FA","2011-01-01","2011-12-31","2010-11-16",null,null);
INSERT INTO Enrollment_T (StuID, SectionID, CourseID, Yr, Term, Midterm, Final, Add_date, Drop_date, Withdraw_date) VALUES("1050506608","E","36520","2026","SP","2026-01-01","2026-12-31","2025-11-16",null,null);
INSERT INTO Enrollment_T (StuID, SectionID, CourseID, Yr, Term, Midterm, Final, Add_date, Drop_date, Withdraw_date) VALUES("9531071915","C","72707","2002","SP","2002-01-01","2002-12-31","2001-11-16",null,null);
INSERT INTO Enrollment_T (StuID, SectionID, CourseID, Yr, Term, Midterm, Final, Add_date, Drop_date, Withdraw_date) VALUES("3982947941","C","95000","2011","FA","2011-01-01","2011-12-31","2010-11-16",null,null);
INSERT INTO Enrollment_T (StuID, SectionID, CourseID, Yr, Term, Midterm, Final, Add_date, Drop_date, Withdraw_date) VALUES("8170622507","D","03228","2007","WI","2007-01-01","2007-12-31","2006-11-16",null,null);
INSERT INTO Enrollment_T (StuID, SectionID, CourseID, Yr, Term, Midterm, Final, Add_date, Drop_date, Withdraw_date) VALUES("0527931347","G","89712","2026","FA","2026-01-01","2026-12-31","2025-11-16",null,null);
INSERT INTO Enrollment_T (StuID, SectionID, CourseID, Yr, Term, Midterm, Final, Add_date, Drop_date, Withdraw_date) VALUES("5556398284","C","59964","2022","WI","2022-01-01","2022-12-31","2021-11-16",null,null);
INSERT INTO Enrollment_T (StuID, SectionID, CourseID, Yr, Term, Midterm, Final, Add_date, Drop_date, Withdraw_date) VALUES("6959663019","A","46220","2027","WI","2027-01-01","2027-12-31","2026-11-16",null,null);
INSERT INTO Enrollment_T (StuID, SectionID, CourseID, Yr, Term, Midterm, Final, Add_date, Drop_date, Withdraw_date) VALUES("6563295043","D","03228","2007","WI","2007-01-01","2007-12-31","2006-11-16",null,null);
INSERT INTO Enrollment_T (StuID, SectionID, CourseID, Yr, Term, Midterm, Final, Add_date, Drop_date, Withdraw_date) VALUES("6020588970","C","59851","2011","FA","2011-01-01","2011-12-31","2010-11-16",null,null);
INSERT INTO Enrollment_T (StuID, SectionID, CourseID, Yr, Term, Midterm, Final, Add_date, Drop_date, Withdraw_date) VALUES("4644266470","A","95000","2013","SP","2013-01-01","2013-12-31","2012-11-16",null,"2013-4-23");
INSERT INTO Enrollment_T (StuID, SectionID, CourseID, Yr, Term, Midterm, Final, Add_date, Drop_date, Withdraw_date) VALUES("1480830802","A","94875","2015","SP","2015-01-01","2015-12-31","2014-11-16",null,null);
INSERT INTO Enrollment_T (StuID, SectionID, CourseID, Yr, Term, Midterm, Final, Add_date, Drop_date, Withdraw_date) VALUES("4612683549","F","92431","2027","WI","2027-01-01","2027-12-31","2026-11-16",null,null);
INSERT INTO Enrollment_T (StuID, SectionID, CourseID, Yr, Term, Midterm, Final, Add_date, Drop_date, Withdraw_date) VALUES("1895235583","C","95000","2011","FA","2011-01-01","2011-12-31","2010-11-16",null,null);
INSERT INTO Enrollment_T (StuID, SectionID, CourseID, Yr, Term, Midterm, Final, Add_date, Drop_date, Withdraw_date) VALUES("6020588970","A","95000","2013","SP","2013-01-01","2013-12-31","2012-11-16",null,null);
INSERT INTO Enrollment_T (StuID, SectionID, CourseID, Yr, Term, Midterm, Final, Add_date, Drop_date, Withdraw_date) VALUES("0375817425","D","95000","2027","FA","2027-01-01","2027-12-31","2026-11-16",null,null);
INSERT INTO Enrollment_T (StuID, SectionID, CourseID, Yr, Term, Midterm, Final, Add_date, Drop_date, Withdraw_date) VALUES("3982947941","G","89712","2026","FA","2026-01-01","2026-12-31","2025-11-16",null,null);
INSERT INTO Enrollment_T (StuID, SectionID, CourseID, Yr, Term, Midterm, Final, Add_date, Drop_date, Withdraw_date) VALUES("4612683549","G","89712","2026","FA","2026-01-01","2026-12-31","2025-11-16",null,null);
INSERT INTO Enrollment_T (StuID, SectionID, CourseID, Yr, Term, Midterm, Final, Add_date, Drop_date, Withdraw_date) VALUES("4644266470","B","73611","2009","SU","2009-01-01","2009-12-31","2008-11-16",null,null);
INSERT INTO Enrollment_T (StuID, SectionID, CourseID, Yr, Term, Midterm, Final, Add_date, Drop_date, Withdraw_date) VALUES("4191201580","B","03228","2023","WI","2023-01-01","2023-12-31","2022-11-16",null,null);
INSERT INTO Enrollment_T (StuID, SectionID, CourseID, Yr, Term, Midterm, Final, Add_date, Drop_date, Withdraw_date) VALUES("2980477631","D","55097","2006","SP","2006-01-01","2006-12-31","2005-11-16",null,null);
INSERT INTO Enrollment_T (StuID, SectionID, CourseID, Yr, Term, Midterm, Final, Add_date, Drop_date, Withdraw_date) VALUES("0546484182","G","66565","2019","SU","2019-01-01","2019-12-31","2018-11-16",null,null);
INSERT INTO Enrollment_T (StuID, SectionID, CourseID, Yr, Term, Midterm, Final, Add_date, Drop_date, Withdraw_date) VALUES("6294272349","E","66565","2014","SU","2014-01-01","2014-12-31","2013-11-16",null,null);
INSERT INTO Enrollment_T (StuID, SectionID, CourseID, Yr, Term, Midterm, Final, Add_date, Drop_date, Withdraw_date) VALUES("3658832118","G","21283","2019","WI","2019-01-01","2019-12-31","2018-11-16",null,null);
INSERT INTO Enrollment_T (StuID, SectionID, CourseID, Yr, Term, Midterm, Final, Add_date, Drop_date, Withdraw_date) VALUES("6563295043","F","92431","2027","WI","2027-01-01","2027-12-31","2026-11-16",null,null);
INSERT INTO Enrollment_T (StuID, SectionID, CourseID, Yr, Term, Midterm, Final, Add_date, Drop_date, Withdraw_date) VALUES("8312918478","C","59851","2011","FA","2011-01-01","2011-12-31","2010-11-16",null,null);
INSERT INTO Enrollment_T (StuID, SectionID, CourseID, Yr, Term, Midterm, Final, Add_date, Drop_date, Withdraw_date) VALUES("3550444602","C","72707","2002","SP","2002-01-01","2002-12-31","2001-11-16",null,null);
INSERT INTO Enrollment_T (StuID, SectionID, CourseID, Yr, Term, Midterm, Final, Add_date, Drop_date, Withdraw_date) VALUES("0375817425","G","66565","2019","SU","2019-01-01","2019-12-31","2018-11-16",null,null);
INSERT INTO Enrollment_T (StuID, SectionID, CourseID, Yr, Term, Midterm, Final, Add_date, Drop_date, Withdraw_date) VALUES("7263824609","C","06487","2011","SU","2011-01-01","2011-12-31","2010-11-16",null,null);
INSERT INTO Enrollment_T (StuID, SectionID, CourseID, Yr, Term, Midterm, Final, Add_date, Drop_date, Withdraw_date) VALUES("8964154020","A","94875","2015","SP","2015-01-01","2015-12-31","2014-11-16",null,null);
INSERT INTO Enrollment_T (StuID, SectionID, CourseID, Yr, Term, Midterm, Final, Add_date, Drop_date, Withdraw_date) VALUES("8115673594","C","72707","2002","SP","2002-01-01","2002-12-31","2001-11-16",null,"2002-5-25");
INSERT INTO Enrollment_T (StuID, SectionID, CourseID, Yr, Term, Midterm, Final, Add_date, Drop_date, Withdraw_date) VALUES("1553806861","C","06487","2011","SU","2011-01-01","2011-12-31","2010-11-16",null,null);
INSERT INTO Enrollment_T (StuID, SectionID, CourseID, Yr, Term, Midterm, Final, Add_date, Drop_date, Withdraw_date) VALUES("1231392425","A","84707","2011","SU","2011-01-01","2011-12-31","2010-11-16",null,"2011-9-13");
INSERT INTO Enrollment_T (StuID, SectionID, CourseID, Yr, Term, Midterm, Final, Add_date, Drop_date, Withdraw_date) VALUES("5556398284","A","80210","2009","SP","2009-01-01","2009-12-31","2008-11-16",null,null);
INSERT INTO Enrollment_T (StuID, SectionID, CourseID, Yr, Term, Midterm, Final, Add_date, Drop_date, Withdraw_date) VALUES("1139200181","F","92431","2027","WI","2027-01-01","2027-12-31","2026-11-16",null,null);
INSERT INTO Enrollment_T (StuID, SectionID, CourseID, Yr, Term, Midterm, Final, Add_date, Drop_date, Withdraw_date) VALUES("9706806787","C","95000","2011","FA","2011-01-01","2011-12-31","2010-11-16",null,null);
INSERT INTO Enrollment_T (StuID, SectionID, CourseID, Yr, Term, Midterm, Final, Add_date, Drop_date, Withdraw_date) VALUES("4429264154","B","03228","2023","WI","2023-01-01","2023-12-31","2022-11-16",null,null);
INSERT INTO Enrollment_T (StuID, SectionID, CourseID, Yr, Term, Midterm, Final, Add_date, Drop_date, Withdraw_date) VALUES("6563295043","D","55097","2006","SP","2006-01-01","2006-12-31","2005-11-16","2006-8-24",null);
INSERT INTO Enrollment_T (StuID, SectionID, CourseID, Yr, Term, Midterm, Final, Add_date, Drop_date, Withdraw_date) VALUES("4793948221","F","09611","2007","SP","2007-01-01","2007-12-31","2006-11-16",null,null);
INSERT INTO Enrollment_T (StuID, SectionID, CourseID, Yr, Term, Midterm, Final, Add_date, Drop_date, Withdraw_date) VALUES("4429264154","E","36520","2026","SP","2026-01-01","2026-12-31","2025-11-16",null,null);
INSERT INTO Enrollment_T (StuID, SectionID, CourseID, Yr, Term, Midterm, Final, Add_date, Drop_date, Withdraw_date) VALUES("7818744188","A","46220","2027","WI","2027-01-01","2027-12-31","2026-11-16",null,null);
INSERT INTO Enrollment_T (StuID, SectionID, CourseID, Yr, Term, Midterm, Final, Add_date, Drop_date, Withdraw_date) VALUES("1342063905","C","95000","2011","FA","2011-01-01","2011-12-31","2010-11-16",null,null);
INSERT INTO Enrollment_T (StuID, SectionID, CourseID, Yr, Term, Midterm, Final, Add_date, Drop_date, Withdraw_date) VALUES("8170622507","E","66565","2014","SU","2014-01-01","2014-12-31","2013-11-16",null,null);
INSERT INTO Enrollment_T (StuID, SectionID, CourseID, Yr, Term, Midterm, Final, Add_date, Drop_date, Withdraw_date) VALUES("4644266470","A","80210","2009","SP","2009-01-01","2009-12-31","2008-11-16",null,null);
INSERT INTO Enrollment_T (StuID, SectionID, CourseID, Yr, Term, Midterm, Final, Add_date, Drop_date, Withdraw_date) VALUES("0546484182","F","09611","2007","SP","2007-01-01","2007-12-31","2006-11-16",null,null);
INSERT INTO Enrollment_T (StuID, SectionID, CourseID, Yr, Term, Midterm, Final, Add_date, Drop_date, Withdraw_date) VALUES("2345020861","E","66565","2014","SU","2014-01-01","2014-12-31","2013-11-16",null,null);
INSERT INTO Enrollment_T (StuID, SectionID, CourseID, Yr, Term, Midterm, Final, Add_date, Drop_date, Withdraw_date) VALUES("3550444602","B","73611","2009","SU","2009-01-01","2009-12-31","2008-11-16",null,null);
INSERT INTO Enrollment_T (StuID, SectionID, CourseID, Yr, Term, Midterm, Final, Add_date, Drop_date, Withdraw_date) VALUES("8685145428","D","95000","2027","FA","2027-01-01","2027-12-31","2026-11-16",null,null);
INSERT INTO Enrollment_T (StuID, SectionID, CourseID, Yr, Term, Midterm, Final, Add_date, Drop_date, Withdraw_date) VALUES("3982947941","F","09611","2007","SP","2007-01-01","2007-12-31","2006-11-16",null,null);
INSERT INTO Enrollment_T (StuID, SectionID, CourseID, Yr, Term, Midterm, Final, Add_date, Drop_date, Withdraw_date) VALUES("4191201580","C","03228","2007","SU","2007-01-01","2007-12-31","2006-11-16",null,null);
INSERT INTO Enrollment_T (StuID, SectionID, CourseID, Yr, Term, Midterm, Final, Add_date, Drop_date, Withdraw_date) VALUES("2520661363","E","66565","2014","SU","2014-01-01","2014-12-31","2013-11-16",null,null);
INSERT INTO Enrollment_T (StuID, SectionID, CourseID, Yr, Term, Midterm, Final, Add_date, Drop_date, Withdraw_date) VALUES("8685145428","B","73611","2009","SU","2009-01-01","2009-12-31","2008-11-16",null,null);
INSERT INTO Enrollment_T (StuID, SectionID, CourseID, Yr, Term, Midterm, Final, Add_date, Drop_date, Withdraw_date) VALUES("4793948221","B","03228","2023","WI","2023-01-01","2023-12-31","2022-11-16",null,null);
INSERT INTO Enrollment_T (StuID, SectionID, CourseID, Yr, Term, Midterm, Final, Add_date, Drop_date, Withdraw_date) VALUES("9531071915","A","94875","2015","SP","2015-01-01","2015-12-31","2014-11-16",null,null);
INSERT INTO Enrollment_T (StuID, SectionID, CourseID, Yr, Term, Midterm, Final, Add_date, Drop_date, Withdraw_date) VALUES("0527931347","A","94875","2015","SP","2015-01-01","2015-12-31","2014-11-16",null,null);
INSERT INTO Enrollment_T (StuID, SectionID, CourseID, Yr, Term, Midterm, Final, Add_date, Drop_date, Withdraw_date) VALUES("0479887174","C","59964","2022","WI","2022-01-01","2022-12-31","2021-11-16",null,null);
INSERT INTO Enrollment_T (StuID, SectionID, CourseID, Yr, Term, Midterm, Final, Add_date, Drop_date, Withdraw_date) VALUES("8377098369","E","66565","2014","SU","2014-01-01","2014-12-31","2013-11-16",null,null);
INSERT INTO Enrollment_T (StuID, SectionID, CourseID, Yr, Term, Midterm, Final, Add_date, Drop_date, Withdraw_date) VALUES("4612683549","A","94875","2015","SP","2015-01-01","2015-12-31","2014-11-16",null,null);
INSERT INTO Enrollment_T (StuID, SectionID, CourseID, Yr, Term, Midterm, Final, Add_date, Drop_date, Withdraw_date) VALUES("7572287749","A","95000","2013","SP","2013-01-01","2013-12-31","2012-11-16",null,null);
INSERT INTO Enrollment_T (StuID, SectionID, CourseID, Yr, Term, Midterm, Final, Add_date, Drop_date, Withdraw_date) VALUES("1231392425","D","73611","2021","SU","2021-01-01","2021-12-31","2020-11-16",null,null);
INSERT INTO Enrollment_T (StuID, SectionID, CourseID, Yr, Term, Midterm, Final, Add_date, Drop_date, Withdraw_date) VALUES("1139200181","A","84707","2011","SU","2011-01-01","2011-12-31","2010-11-16",null,null);
INSERT INTO Enrollment_T (StuID, SectionID, CourseID, Yr, Term, Midterm, Final, Add_date, Drop_date, Withdraw_date) VALUES("0375817425","H","89712","2030","FA","2030-01-01","2030-12-31","2029-11-16",null,null);
INSERT INTO Enrollment_T (StuID, SectionID, CourseID, Yr, Term, Midterm, Final, Add_date, Drop_date, Withdraw_date) VALUES("8312918478","F","09611","2007","SP","2007-01-01","2007-12-31","2006-11-16",null,null);
INSERT INTO Enrollment_T (StuID, SectionID, CourseID, Yr, Term, Midterm, Final, Add_date, Drop_date, Withdraw_date) VALUES("8115673594","A","80210","2009","SP","2009-01-01","2009-12-31","2008-11-16",null,null);
INSERT INTO Enrollment_T (StuID, SectionID, CourseID, Yr, Term, Midterm, Final, Add_date, Drop_date, Withdraw_date) VALUES("6563295043","A","84707","2011","SU","2011-01-01","2011-12-31","2010-11-16",null,null);
INSERT INTO Enrollment_T (StuID, SectionID, CourseID, Yr, Term, Midterm, Final, Add_date, Drop_date, Withdraw_date) VALUES("8312918478","D","55097","2006","SP","2006-01-01","2006-12-31","2005-11-16",null,null);
INSERT INTO Enrollment_T (StuID, SectionID, CourseID, Yr, Term, Midterm, Final, Add_date, Drop_date, Withdraw_date) VALUES("6294272349","E","36520","2026","SP","2026-01-01","2026-12-31","2025-11-16",null,null);
INSERT INTO Enrollment_T (StuID, SectionID, CourseID, Yr, Term, Midterm, Final, Add_date, Drop_date, Withdraw_date) VALUES("4429264154","C","59964","2022","WI","2022-01-01","2022-12-31","2021-11-16",null,null);
INSERT INTO Enrollment_T (StuID, SectionID, CourseID, Yr, Term, Midterm, Final, Add_date, Drop_date, Withdraw_date) VALUES("6474126878","A","80210","2009","SP","2009-01-01","2009-12-31","2008-11-16",null,null);
INSERT INTO Enrollment_T (StuID, SectionID, CourseID, Yr, Term, Midterm, Final, Add_date, Drop_date, Withdraw_date) VALUES("4191201580","G","66565","2019","SU","2019-01-01","2019-12-31","2018-11-16",null,null);
INSERT INTO Enrollment_T (StuID, SectionID, CourseID, Yr, Term, Midterm, Final, Add_date, Drop_date, Withdraw_date) VALUES("6090598456","E","03228","2030","SU","2030-01-01","2030-12-31","2029-11-16",null,null);
INSERT INTO Enrollment_T (StuID, SectionID, CourseID, Yr, Term, Midterm, Final, Add_date, Drop_date, Withdraw_date) VALUES("4429264154","H","89712","2030","FA","2030-01-01","2030-12-31","2029-11-16",null,null);
INSERT INTO Enrollment_T (StuID, SectionID, CourseID, Yr, Term, Midterm, Final, Add_date, Drop_date, Withdraw_date) VALUES("1231392425","B","73611","2009","SU","2009-01-01","2009-12-31","2008-11-16",null,null);
INSERT INTO Enrollment_T (StuID, SectionID, CourseID, Yr, Term, Midterm, Final, Add_date, Drop_date, Withdraw_date) VALUES("1139200181","F","80210","2027","FA","2027-01-01","2027-12-31","2026-11-16",null,null);
INSERT INTO Enrollment_T (StuID, SectionID, CourseID, Yr, Term, Midterm, Final, Add_date, Drop_date, Withdraw_date) VALUES("4191201580","F","92431","2027","WI","2027-01-01","2027-12-31","2026-11-16",null,null);
INSERT INTO Enrollment_T (StuID, SectionID, CourseID, Yr, Term, Midterm, Final, Add_date, Drop_date, Withdraw_date) VALUES("4191201580","A","46220","2027","WI","2027-01-01","2027-12-31","2026-11-16",null,null);
INSERT INTO Enrollment_T (StuID, SectionID, CourseID, Yr, Term, Midterm, Final, Add_date, Drop_date, Withdraw_date) VALUES("1895235583","E","66565","2014","SU","2014-01-01","2014-12-31","2013-11-16",null,null);
INSERT INTO Enrollment_T (StuID, SectionID, CourseID, Yr, Term, Midterm, Final, Add_date, Drop_date, Withdraw_date) VALUES("7263824609","B","92431","2016","SP","2016-01-01","2016-12-31","2015-11-16",null,null);
INSERT INTO Enrollment_T (StuID, SectionID, CourseID, Yr, Term, Midterm, Final, Add_date, Drop_date, Withdraw_date) VALUES("7818744188","E","59851","2013","WI","2013-01-01","2013-12-31","2012-11-16",null,null);
INSERT INTO Enrollment_T (StuID, SectionID, CourseID, Yr, Term, Midterm, Final, Add_date, Drop_date, Withdraw_date) VALUES("9460814156","E","59851","2013","WI","2013-01-01","2013-12-31","2012-11-16","2013-8-23",null);
INSERT INTO Enrollment_T (StuID, SectionID, CourseID, Yr, Term, Midterm, Final, Add_date, Drop_date, Withdraw_date) VALUES("4612683549","E","03228","2030","SU","2030-01-01","2030-12-31","2029-11-16",null,null);
INSERT INTO Enrollment_T (StuID, SectionID, CourseID, Yr, Term, Midterm, Final, Add_date, Drop_date, Withdraw_date) VALUES("6294272349","B","92431","2016","SP","2016-01-01","2016-12-31","2015-11-16","2016-6-18",null);

/* Major inserts */

INSERT INTO Major_T (Major_code, Descriptn, Active_, DepartmentID) VALUES("CS","Computer Science","0","CS");
INSERT INTO Major_T (Major_code, Descriptn, Active_, DepartmentID) VALUES("BU","Business","1","BU");
INSERT INTO Major_T (Major_code, Descriptn, Active_, DepartmentID) VALUES("DA","Data Analytics","1","DA");
INSERT INTO Major_T (Major_code, Descriptn, Active_, DepartmentID) VALUES("TH","Theology","1","TH");
INSERT INTO Major_T (Major_code, Descriptn, Active_, DepartmentID) VALUES("PH","Physics","1","PH");
INSERT INTO Major_T (Major_code, Descriptn, Active_, DepartmentID) VALUES("PS","Psychology","1","PS");
INSERT INTO Major_T (Major_code, Descriptn, Active_, DepartmentID) VALUES("MA","Math","1","MA");
INSERT INTO Major_T (Major_code, Descriptn, Active_, DepartmentID) VALUES("EN","English","0","EN");
INSERT INTO Major_T (Major_code, Descriptn, Active_, DepartmentID) VALUES("PL","Politics","1","PL");
INSERT INTO Major_T (Major_code, Descriptn, Active_, DepartmentID) VALUES("CJ","Criminal Justice","1","CJ");
INSERT INTO Major_T (Major_code, Descriptn, Active_, DepartmentID) VALUES("EE","Electrical Engineering","1","EE");
INSERT INTO Major_T (Major_code, Descriptn, Active_, DepartmentID) VALUES("CC","Cyber Criminology","1","CC");
INSERT INTO Major_T (Major_code, Descriptn, Active_, DepartmentID) VALUES("HI","History","1","HI");

/* Minor inserts */

INSERT INTO Minor_T (Minor_code, Descriptn, Active_, DepartmentID) VALUES("CS","Computer Science","1","CS");
INSERT INTO Minor_T (Minor_code, Descriptn, Active_, DepartmentID) VALUES("BU","Business","1","BU");
INSERT INTO Minor_T (Minor_code, Descriptn, Active_, DepartmentID) VALUES("DA","Data Analytics","1","DA");
INSERT INTO Minor_T (Minor_code, Descriptn, Active_, DepartmentID) VALUES("TH","Theology","1","TH");
INSERT INTO Minor_T (Minor_code, Descriptn, Active_, DepartmentID) VALUES("PH","Physics","1","PH");
INSERT INTO Minor_T (Minor_code, Descriptn, Active_, DepartmentID) VALUES("PS","Psychology","0","PS");
INSERT INTO Minor_T (Minor_code, Descriptn, Active_, DepartmentID) VALUES("MA","Math","1","MA");
INSERT INTO Minor_T (Minor_code, Descriptn, Active_, DepartmentID) VALUES("EN","English","1","EN");
INSERT INTO Minor_T (Minor_code, Descriptn, Active_, DepartmentID) VALUES("PL","Politics","1","PL");
INSERT INTO Minor_T (Minor_code, Descriptn, Active_, DepartmentID) VALUES("CJ","Criminal Justice","1","CJ");
INSERT INTO Minor_T (Minor_code, Descriptn, Active_, DepartmentID) VALUES("EE","Electrical Engineering","1","EE");
INSERT INTO Minor_T (Minor_code, Descriptn, Active_, DepartmentID) VALUES("CC","Cyber Criminology","1","CC");
INSERT INTO Minor_T (Minor_code, Descriptn, Active_, DepartmentID) VALUES("HI","History","1","HI");

/* Student minor inserts */

INSERT INTO Stu_min_T (StuID, Minor_code, FacID) VALUES("3755485742","PH","8642284562");
INSERT INTO Stu_min_T (StuID, Minor_code, FacID) VALUES("3658832118","CJ","1353544183");
INSERT INTO Stu_min_T (StuID, Minor_code, FacID) VALUES("4429264154","MA","3514492744");
INSERT INTO Stu_min_T (StuID, Minor_code, FacID) VALUES("9821821137","HI","1248810561");
INSERT INTO Stu_min_T (StuID, Minor_code, FacID) VALUES("1231392425","BU","2328481509");
INSERT INTO Stu_min_T (StuID, Minor_code, FacID) VALUES("2539064313","CS","3252115518");
INSERT INTO Stu_min_T (StuID, Minor_code, FacID) VALUES("0527931347","BU","8164252665");
INSERT INTO Stu_min_T (StuID, Minor_code, FacID) VALUES("6294272349","PL","4708975864");
INSERT INTO Stu_min_T (StuID, Minor_code, FacID) VALUES("6294272349","CJ","8642284562");
INSERT INTO Stu_min_T (StuID, Minor_code, FacID) VALUES("2980477631","CJ","9622379836");
INSERT INTO Stu_min_T (StuID, Minor_code, FacID) VALUES("2980477631","PS","8420413643");
INSERT INTO Stu_min_T (StuID, Minor_code, FacID) VALUES("4644266470","CC","8886489981");
INSERT INTO Stu_min_T (StuID, Minor_code, FacID) VALUES("3755485742","HI","0572198318");
INSERT INTO Stu_min_T (StuID, Minor_code, FacID) VALUES("8170622507","CJ","2201086954");
INSERT INTO Stu_min_T (StuID, Minor_code, FacID) VALUES("2520661363","PH","0572198318");
INSERT INTO Stu_min_T (StuID, Minor_code, FacID) VALUES("4429264154","HI","9435132011");
INSERT INTO Stu_min_T (StuID, Minor_code, FacID) VALUES("8312918478","CS","6126856304");
INSERT INTO Stu_min_T (StuID, Minor_code, FacID) VALUES("3550444602","PS","1168599545");
INSERT INTO Stu_min_T (StuID, Minor_code, FacID) VALUES("4390602398","MA","8630549340");
INSERT INTO Stu_min_T (StuID, Minor_code, FacID) VALUES("3550444602","TH","9764137127");
INSERT INTO Stu_min_T (StuID, Minor_code, FacID) VALUES("1895235583","CS","6263398370");
INSERT INTO Stu_min_T (StuID, Minor_code, FacID) VALUES("3658832118","PH","2328481509");
INSERT INTO Stu_min_T (StuID, Minor_code, FacID) VALUES("9531071915","PH","9045463111");
INSERT INTO Stu_min_T (StuID, Minor_code, FacID) VALUES("1050506608","PL","1353544183");
INSERT INTO Stu_min_T (StuID, Minor_code, FacID) VALUES("9821821137","CJ","1248810561");
INSERT INTO Stu_min_T (StuID, Minor_code, FacID) VALUES("8964154020","MA","4708975864");
INSERT INTO Stu_min_T (StuID, Minor_code, FacID) VALUES("4191201580","BU","5583761013");
INSERT INTO Stu_min_T (StuID, Minor_code, FacID) VALUES("7572287749","HI","8782654250");
INSERT INTO Stu_min_T (StuID, Minor_code, FacID) VALUES("3550444602","MA","8164252665");
INSERT INTO Stu_min_T (StuID, Minor_code, FacID) VALUES("2539064313","EN","0091711066");
INSERT INTO Stu_min_T (StuID, Minor_code, FacID) VALUES("6427326344","CJ","9045463111");
INSERT INTO Stu_min_T (StuID, Minor_code, FacID) VALUES("8115673594","PH","8642284562");
INSERT INTO Stu_min_T (StuID, Minor_code, FacID) VALUES("1480830802","DA","4094669269");
INSERT INTO Stu_min_T (StuID, Minor_code, FacID) VALUES("0375817425","EN","7401984545");
INSERT INTO Stu_min_T (StuID, Minor_code, FacID) VALUES("2345020861","BU","8814556900");
INSERT INTO Stu_min_T (StuID, Minor_code, FacID) VALUES("0479887174","EN","0572198318");
INSERT INTO Stu_min_T (StuID, Minor_code, FacID) VALUES("4612683549","EE","8899891935");
INSERT INTO Stu_min_T (StuID, Minor_code, FacID) VALUES("4390602398","CC","0174061850");
INSERT INTO Stu_min_T (StuID, Minor_code, FacID) VALUES("3982947941","CJ","1943890988");
INSERT INTO Stu_min_T (StuID, Minor_code, FacID) VALUES("1139200181","EN","8550799403");
INSERT INTO Stu_min_T (StuID, Minor_code, FacID) VALUES("6563295043","MA","8814556900");
INSERT INTO Stu_min_T (StuID, Minor_code, FacID) VALUES("1342063905","CJ","3252115518");
INSERT INTO Stu_min_T (StuID, Minor_code, FacID) VALUES("4191201580","EN","9045463111");
INSERT INTO Stu_min_T (StuID, Minor_code, FacID) VALUES("1050506608","PH","6087321434");
INSERT INTO Stu_min_T (StuID, Minor_code, FacID) VALUES("6427326344","EE","8814556900");
INSERT INTO Stu_min_T (StuID, Minor_code, FacID) VALUES("4191201580","PH","9110293913");
INSERT INTO Stu_min_T (StuID, Minor_code, FacID) VALUES("2980477631","TH","1573961132");
INSERT INTO Stu_min_T (StuID, Minor_code, FacID) VALUES("1895235583","EN","1248810561");
INSERT INTO Stu_min_T (StuID, Minor_code, FacID) VALUES("4223519692","EE","8326401254");
INSERT INTO Stu_min_T (StuID, Minor_code, FacID) VALUES("9460814156","DA","8164252665");
INSERT INTO Stu_min_T (StuID, Minor_code, FacID) VALUES("6294272349","EN","9435132011");
INSERT INTO Stu_min_T (StuID, Minor_code, FacID) VALUES("6563295043","PH","3691459070");
INSERT INTO Stu_min_T (StuID, Minor_code, FacID) VALUES("8170622507","CS","6661761138");
INSERT INTO Stu_min_T (StuID, Minor_code, FacID) VALUES("2520661363","CJ","7627936414");
INSERT INTO Stu_min_T (StuID, Minor_code, FacID) VALUES("3982947941","EN","0254919553");
INSERT INTO Stu_min_T (StuID, Minor_code, FacID) VALUES("6020588970","MA","9435132011");
INSERT INTO Stu_min_T (StuID, Minor_code, FacID) VALUES("8170622507","HI","8550799403");
INSERT INTO Stu_min_T (StuID, Minor_code, FacID) VALUES("4429264154","CC","9622379836");
INSERT INTO Stu_min_T (StuID, Minor_code, FacID) VALUES("0453179235","TH","8782654250");
INSERT INTO Stu_min_T (StuID, Minor_code, FacID) VALUES("3755485742","PL","0174061850");
INSERT INTO Stu_min_T (StuID, Minor_code, FacID) VALUES("6959663019","PL","3252115518");
INSERT INTO Stu_min_T (StuID, Minor_code, FacID) VALUES("1895235583","CC","9622379836");
INSERT INTO Stu_min_T (StuID, Minor_code, FacID) VALUES("4191201580","PS","1168599545");
INSERT INTO Stu_min_T (StuID, Minor_code, FacID) VALUES("2108684337","CS","3252115518");
INSERT INTO Stu_min_T (StuID, Minor_code, FacID) VALUES("2520661363","CS","1248810561");
INSERT INTO Stu_min_T (StuID, Minor_code, FacID) VALUES("6563295043","EN","9110293913");
INSERT INTO Stu_min_T (StuID, Minor_code, FacID) VALUES("8115673594","EN","8326401254");
INSERT INTO Stu_min_T (StuID, Minor_code, FacID) VALUES("6020588970","PH","4266953264");
INSERT INTO Stu_min_T (StuID, Minor_code, FacID) VALUES("1895235583","DA","1573961132");
INSERT INTO Stu_min_T (StuID, Minor_code, FacID) VALUES("6959663019","HI","3514492744");
INSERT INTO Stu_min_T (StuID, Minor_code, FacID) VALUES("1553806861","MA","4708975864");
INSERT INTO Stu_min_T (StuID, Minor_code, FacID) VALUES("6090598456","MA","8782654250");
INSERT INTO Stu_min_T (StuID, Minor_code, FacID) VALUES("1553806861","CC","8630549340");
INSERT INTO Stu_min_T (StuID, Minor_code, FacID) VALUES("0527931347","PH","1248810561");
INSERT INTO Stu_min_T (StuID, Minor_code, FacID) VALUES("9460814156","PL","4266953264");
INSERT INTO Stu_min_T (StuID, Minor_code, FacID) VALUES("4429264154","DA","7336071770");
INSERT INTO Stu_min_T (StuID, Minor_code, FacID) VALUES("1342063905","BU","4266953264");
INSERT INTO Stu_min_T (StuID, Minor_code, FacID) VALUES("6427326344","TH","7175967162");
INSERT INTO Stu_min_T (StuID, Minor_code, FacID) VALUES("9821821137","EN","9435132011");
INSERT INTO Stu_min_T (StuID, Minor_code, FacID) VALUES("6090598456","PH","9622379836");
INSERT INTO Stu_min_T (StuID, Minor_code, FacID) VALUES("8312918478","TH","7674409793");
INSERT INTO Stu_min_T (StuID, Minor_code, FacID) VALUES("8964154020","EN","2201086954");
INSERT INTO Stu_min_T (StuID, Minor_code, FacID) VALUES("0453179235","HI","0091711066");
INSERT INTO Stu_min_T (StuID, Minor_code, FacID) VALUES("4191201580","PL","6263398370");
INSERT INTO Stu_min_T (StuID, Minor_code, FacID) VALUES("1342063905","HI","8642284562");
INSERT INTO Stu_min_T (StuID, Minor_code, FacID) VALUES("6090598456","BU","8164252665");
INSERT INTO Stu_min_T (StuID, Minor_code, FacID) VALUES("1231392425","EE","8420413643");
INSERT INTO Stu_min_T (StuID, Minor_code, FacID) VALUES("3550444602","CC","0770667068");
INSERT INTO Stu_min_T (StuID, Minor_code, FacID) VALUES("6020588970","CC","8164252665");
INSERT INTO Stu_min_T (StuID, Minor_code, FacID) VALUES("8312918478","PL","9045463111");
INSERT INTO Stu_min_T (StuID, Minor_code, FacID) VALUES("0453179235","PL","7175967162");
INSERT INTO Stu_min_T (StuID, Minor_code, FacID) VALUES("6020588970","EN","7674409793");
INSERT INTO Stu_min_T (StuID, Minor_code, FacID) VALUES("2520661363","CC","8899891935");
INSERT INTO Stu_min_T (StuID, Minor_code, FacID) VALUES("2520661363","PS","1943890988");
INSERT INTO Stu_min_T (StuID, Minor_code, FacID) VALUES("6959663019","CJ","0572198318");
INSERT INTO Stu_min_T (StuID, Minor_code, FacID) VALUES("9531071915","PL","7401984545");
INSERT INTO Stu_min_T (StuID, Minor_code, FacID) VALUES("6959663019","PH","8420413643");
INSERT INTO Stu_min_T (StuID, Minor_code, FacID) VALUES("9531071915","BU","9435132011");
INSERT INTO Stu_min_T (StuID, Minor_code, FacID) VALUES("9531071915","CC","0770667068");
INSERT INTO Stu_min_T (StuID, Minor_code, FacID) VALUES("7572287749","DA","9764137127");

/* Student major inserts */

INSERT INTO Stu_maj_T (StuID, Major_code, FacID) VALUES("9531071915","PH","9764137127");
INSERT INTO Stu_maj_T (StuID, Major_code, FacID) VALUES("6474126878","EN","8886489981");
INSERT INTO Stu_maj_T (StuID, Major_code, FacID) VALUES("7572287749","PS","2328481509");
INSERT INTO Stu_maj_T (StuID, Major_code, FacID) VALUES("4191201580","PH","1573961132");
INSERT INTO Stu_maj_T (StuID, Major_code, FacID) VALUES("6959663019","EN","8326401254");
INSERT INTO Stu_maj_T (StuID, Major_code, FacID) VALUES("1342063905","MA","6126856304");
INSERT INTO Stu_maj_T (StuID, Major_code, FacID) VALUES("1342063905","PL","9110293913");
INSERT INTO Stu_maj_T (StuID, Major_code, FacID) VALUES("8685145428","MA","8550799403");
INSERT INTO Stu_maj_T (StuID, Major_code, FacID) VALUES("1050506608","PH","0572198318");
INSERT INTO Stu_maj_T (StuID, Major_code, FacID) VALUES("8170622507","PH","2201086954");
INSERT INTO Stu_maj_T (StuID, Major_code, FacID) VALUES("9460814156","PH","2328481509");
INSERT INTO Stu_maj_T (StuID, Major_code, FacID) VALUES("8115673594","BU","8630549340");
INSERT INTO Stu_maj_T (StuID, Major_code, FacID) VALUES("2520661363","DA","2471091259");
INSERT INTO Stu_maj_T (StuID, Major_code, FacID) VALUES("9821821137","TH","1168599545");
INSERT INTO Stu_maj_T (StuID, Major_code, FacID) VALUES("9006616241","PL","8642284562");
INSERT INTO Stu_maj_T (StuID, Major_code, FacID) VALUES("0375817425","DA","6661761138");
INSERT INTO Stu_maj_T (StuID, Major_code, FacID) VALUES("1139200181","EE","7627936414");
INSERT INTO Stu_maj_T (StuID, Major_code, FacID) VALUES("6020588970","DA","6263398370");
INSERT INTO Stu_maj_T (StuID, Major_code, FacID) VALUES("7572287749","HI","1353544183");
INSERT INTO Stu_maj_T (StuID, Major_code, FacID) VALUES("3550444602","EE","0770667068");
INSERT INTO Stu_maj_T (StuID, Major_code, FacID) VALUES("9531071915","CC","9110293913");
INSERT INTO Stu_maj_T (StuID, Major_code, FacID) VALUES("3982947941","PL","8164252665");
INSERT INTO Stu_maj_T (StuID, Major_code, FacID) VALUES("8170622507","DA","1573961132");
INSERT INTO Stu_maj_T (StuID, Major_code, FacID) VALUES("1895235583","EN","8642284562");
INSERT INTO Stu_maj_T (StuID, Major_code, FacID) VALUES("0546484182","PS","0091711066");
INSERT INTO Stu_maj_T (StuID, Major_code, FacID) VALUES("0546484182","CC","7336071770");
INSERT INTO Stu_maj_T (StuID, Major_code, FacID) VALUES("3755485742","CJ","6661761138");
INSERT INTO Stu_maj_T (StuID, Major_code, FacID) VALUES("1231392425","EE","7350075070");
INSERT INTO Stu_maj_T (StuID, Major_code, FacID) VALUES("3755485742","PH","8642284562");
INSERT INTO Stu_maj_T (StuID, Major_code, FacID) VALUES("7818744188","PL","3514492744");
INSERT INTO Stu_maj_T (StuID, Major_code, FacID) VALUES("3755485742","TH","6087321434");
INSERT INTO Stu_maj_T (StuID, Major_code, FacID) VALUES("4390602398","EE","4266953264");
INSERT INTO Stu_maj_T (StuID, Major_code, FacID) VALUES("2539064313","PS","8326401254");
INSERT INTO Stu_maj_T (StuID, Major_code, FacID) VALUES("9460814156","MA","7401984545");
INSERT INTO Stu_maj_T (StuID, Major_code, FacID) VALUES("7572287749","MA","8630549340");
INSERT INTO Stu_maj_T (StuID, Major_code, FacID) VALUES("0479887174","CJ","4266953264");
INSERT INTO Stu_maj_T (StuID, Major_code, FacID) VALUES("0479887174","HI","8814556900");
INSERT INTO Stu_maj_T (StuID, Major_code, FacID) VALUES("2539064313","PL","6263398370");
INSERT INTO Stu_maj_T (StuID, Major_code, FacID) VALUES("8170622507","CJ","0572198318");
INSERT INTO Stu_maj_T (StuID, Major_code, FacID) VALUES("0527931347","EE","7336071770");
INSERT INTO Stu_maj_T (StuID, Major_code, FacID) VALUES("4429264154","DA","1573961132");
INSERT INTO Stu_maj_T (StuID, Major_code, FacID) VALUES("6959663019","HI","8814556900");
INSERT INTO Stu_maj_T (StuID, Major_code, FacID) VALUES("7818744188","HI","3514492744");
INSERT INTO Stu_maj_T (StuID, Major_code, FacID) VALUES("7263824609","BU","7350075070");
INSERT INTO Stu_maj_T (StuID, Major_code, FacID) VALUES("3982947941","CJ","8326401254");
INSERT INTO Stu_maj_T (StuID, Major_code, FacID) VALUES("9821821137","EN","4240118325");
INSERT INTO Stu_maj_T (StuID, Major_code, FacID) VALUES("0546484182","CS","1248810561");
INSERT INTO Stu_maj_T (StuID, Major_code, FacID) VALUES("6090598456","CC","7336071770");
INSERT INTO Stu_maj_T (StuID, Major_code, FacID) VALUES("7818744188","EN","8642284562");
INSERT INTO Stu_maj_T (StuID, Major_code, FacID) VALUES("1895235583","DA","9435132011");
INSERT INTO Stu_maj_T (StuID, Major_code, FacID) VALUES("8312918478","BU","1943890988");
INSERT INTO Stu_maj_T (StuID, Major_code, FacID) VALUES("4644266470","PS","4094669269");
INSERT INTO Stu_maj_T (StuID, Major_code, FacID) VALUES("7263824609","HI","9764137127");
INSERT INTO Stu_maj_T (StuID, Major_code, FacID) VALUES("9821821137","CS","8164252665");
INSERT INTO Stu_maj_T (StuID, Major_code, FacID) VALUES("4644266470","TH","0091711066");
INSERT INTO Stu_maj_T (StuID, Major_code, FacID) VALUES("1480830802","CS","0254919553");
INSERT INTO Stu_maj_T (StuID, Major_code, FacID) VALUES("0527931347","DA","9622379836");
INSERT INTO Stu_maj_T (StuID, Major_code, FacID) VALUES("4191201580","EN","2328481509");
INSERT INTO Stu_maj_T (StuID, Major_code, FacID) VALUES("3755485742","BU","7175967162");
INSERT INTO Stu_maj_T (StuID, Major_code, FacID) VALUES("7818744188","CJ","4240118325");
INSERT INTO Stu_maj_T (StuID, Major_code, FacID) VALUES("0453179235","EE","9764137127");
INSERT INTO Stu_maj_T (StuID, Major_code, FacID) VALUES("4612683549","PS","8326401254");
INSERT INTO Stu_maj_T (StuID, Major_code, FacID) VALUES("7818744188","CC","0572198318");
INSERT INTO Stu_maj_T (StuID, Major_code, FacID) VALUES("4644266470","EE","0770667068");
INSERT INTO Stu_maj_T (StuID, Major_code, FacID) VALUES("3755485742","DA","1248810561");
INSERT INTO Stu_maj_T (StuID, Major_code, FacID) VALUES("3550444602","BU","1943890988");
INSERT INTO Stu_maj_T (StuID, Major_code, FacID) VALUES("9460814156","CC","9009390181");
INSERT INTO Stu_maj_T (StuID, Major_code, FacID) VALUES("9706806787","PH","4094669269");
INSERT INTO Stu_maj_T (StuID, Major_code, FacID) VALUES("7572287749","EN","6126856304");
INSERT INTO Stu_maj_T (StuID, Major_code, FacID) VALUES("2980477631","PH","2471091259");
INSERT INTO Stu_maj_T (StuID, Major_code, FacID) VALUES("8115673594","DA","9110293913");
INSERT INTO Stu_maj_T (StuID, Major_code, FacID) VALUES("0527931347","TH","2328481509");
INSERT INTO Stu_maj_T (StuID, Major_code, FacID) VALUES("3982947941","BU","8886489981");
INSERT INTO Stu_maj_T (StuID, Major_code, FacID) VALUES("1480830802","EN","2471091259");
INSERT INTO Stu_maj_T (StuID, Major_code, FacID) VALUES("6959663019","CS","7674409793");
INSERT INTO Stu_maj_T (StuID, Major_code, FacID) VALUES("1480830802","TH","9045463111");
INSERT INTO Stu_maj_T (StuID, Major_code, FacID) VALUES("2980477631","CJ","1168599545");
INSERT INTO Stu_maj_T (StuID, Major_code, FacID) VALUES("6563295043","EN","5583761013");
INSERT INTO Stu_maj_T (StuID, Major_code, FacID) VALUES("4644266470","PH","7674409793");
INSERT INTO Stu_maj_T (StuID, Major_code, FacID) VALUES("2345020861","MA","8642284562");
INSERT INTO Stu_maj_T (StuID, Major_code, FacID) VALUES("0375817425","CJ","4094669269");
INSERT INTO Stu_maj_T (StuID, Major_code, FacID) VALUES("0479887174","CS","8642284562");
INSERT INTO Stu_maj_T (StuID, Major_code, FacID) VALUES("1342063905","PH","6661761138");
INSERT INTO Stu_maj_T (StuID, Major_code, FacID) VALUES("5556398284","PH","7627936414");
INSERT INTO Stu_maj_T (StuID, Major_code, FacID) VALUES("4191201580","TH","9099578136");
INSERT INTO Stu_maj_T (StuID, Major_code, FacID) VALUES("2108684337","PL","8326401254");
INSERT INTO Stu_maj_T (StuID, Major_code, FacID) VALUES("1895235583","PS","7336071770");
INSERT INTO Stu_maj_T (StuID, Major_code, FacID) VALUES("1231392425","PL","9764137127");
INSERT INTO Stu_maj_T (StuID, Major_code, FacID) VALUES("6474126878","DA","1248810561");
INSERT INTO Stu_maj_T (StuID, Major_code, FacID) VALUES("9006616241","EN","1573961132");
INSERT INTO Stu_maj_T (StuID, Major_code, FacID) VALUES("8964154020","EN","2471091259");
INSERT INTO Stu_maj_T (StuID, Major_code, FacID) VALUES("9531071915","BU","4708975864");
INSERT INTO Stu_maj_T (StuID, Major_code, FacID) VALUES("1553806861","PS","8630549340");
INSERT INTO Stu_maj_T (StuID, Major_code, FacID) VALUES("1480830802","PS","0254919553");
INSERT INTO Stu_maj_T (StuID, Major_code, FacID) VALUES("4793948221","PH","7336071770");
INSERT INTO Stu_maj_T (StuID, Major_code, FacID) VALUES("8170622507","EE","8164252665");
INSERT INTO Stu_maj_T (StuID, Major_code, FacID) VALUES("1342063905","CC","8550799403");
INSERT INTO Stu_maj_T (StuID, Major_code, FacID) VALUES("0546484182","PH","4652254258");
INSERT INTO Stu_maj_T (StuID, Major_code, FacID) VALUES("2539064313","CS","0254919553");
INSERT INTO Stu_maj_T (StuID, Major_code, FacID) VALUES("0479887174","PS","3252115518");
