/* To view the code used for the creation of 
data please see: https://github.com/alec-grace/lcc_loader */

use agrace072; 

/* Country inserts */

INSERT INTO agrace072.Country_T SELECT * FROM aalbina.country_tbl;

/* State inserts */

INSERT INTO agrace072.State_T SELECT * FROM aalbina.st_tbl;

/* Department inserts */

INSERT INTO Department_T VALUES("CS","Computer Science","1");
INSERT INTO Department_T VALUES("BU","Business","1");
INSERT INTO Department_T VALUES("DA","Data Analytics","0");
INSERT INTO Department_T VALUES("TH","Theology","1");
INSERT INTO Department_T VALUES("PH","Physics","1");
INSERT INTO Department_T VALUES("PS","Psychology","1");
INSERT INTO Department_T VALUES("MA","Math","1");
INSERT INTO Department_T VALUES("EN","English","1");
INSERT INTO Department_T VALUES("PL","Politics","1");
INSERT INTO Department_T VALUES("CJ","Criminal Justice","1");
INSERT INTO Department_T VALUES("EE","Electrical Engineering","1");
INSERT INTO Department_T VALUES("CC","Cyber Criminology","1");
INSERT INTO Department_T VALUES("HI","History","1");

/* Calendar inserts */

INSERT INTO Calendar_T VALUES("2000","FA","2000-01-01","2000-12-31");
INSERT INTO Calendar_T VALUES("2000","WI","2000-01-01","2000-12-31");
INSERT INTO Calendar_T VALUES("2000","SP","2000-01-01","2000-12-31");
INSERT INTO Calendar_T VALUES("2000","SU","2000-01-01","2000-12-31");
INSERT INTO Calendar_T VALUES("2001","FA","2001-01-01","2001-12-31");
INSERT INTO Calendar_T VALUES("2001","WI","2001-01-01","2001-12-31");
INSERT INTO Calendar_T VALUES("2001","SP","2001-01-01","2001-12-31");
INSERT INTO Calendar_T VALUES("2001","SU","2001-01-01","2001-12-31");
INSERT INTO Calendar_T VALUES("2002","FA","2002-01-01","2002-12-31");
INSERT INTO Calendar_T VALUES("2002","WI","2002-01-01","2002-12-31");
INSERT INTO Calendar_T VALUES("2002","SP","2002-01-01","2002-12-31");
INSERT INTO Calendar_T VALUES("2002","SU","2002-01-01","2002-12-31");
INSERT INTO Calendar_T VALUES("2003","FA","2003-01-01","2003-12-31");
INSERT INTO Calendar_T VALUES("2003","WI","2003-01-01","2003-12-31");
INSERT INTO Calendar_T VALUES("2003","SP","2003-01-01","2003-12-31");
INSERT INTO Calendar_T VALUES("2003","SU","2003-01-01","2003-12-31");
INSERT INTO Calendar_T VALUES("2004","FA","2004-01-01","2004-12-31");
INSERT INTO Calendar_T VALUES("2004","WI","2004-01-01","2004-12-31");
INSERT INTO Calendar_T VALUES("2004","SP","2004-01-01","2004-12-31");
INSERT INTO Calendar_T VALUES("2004","SU","2004-01-01","2004-12-31");
INSERT INTO Calendar_T VALUES("2005","FA","2005-01-01","2005-12-31");
INSERT INTO Calendar_T VALUES("2005","WI","2005-01-01","2005-12-31");
INSERT INTO Calendar_T VALUES("2005","SP","2005-01-01","2005-12-31");
INSERT INTO Calendar_T VALUES("2005","SU","2005-01-01","2005-12-31");
INSERT INTO Calendar_T VALUES("2006","FA","2006-01-01","2006-12-31");
INSERT INTO Calendar_T VALUES("2006","WI","2006-01-01","2006-12-31");
INSERT INTO Calendar_T VALUES("2006","SP","2006-01-01","2006-12-31");
INSERT INTO Calendar_T VALUES("2006","SU","2006-01-01","2006-12-31");
INSERT INTO Calendar_T VALUES("2007","FA","2007-01-01","2007-12-31");
INSERT INTO Calendar_T VALUES("2007","WI","2007-01-01","2007-12-31");
INSERT INTO Calendar_T VALUES("2007","SP","2007-01-01","2007-12-31");
INSERT INTO Calendar_T VALUES("2007","SU","2007-01-01","2007-12-31");
INSERT INTO Calendar_T VALUES("2008","FA","2008-01-01","2008-12-31");
INSERT INTO Calendar_T VALUES("2008","WI","2008-01-01","2008-12-31");
INSERT INTO Calendar_T VALUES("2008","SP","2008-01-01","2008-12-31");
INSERT INTO Calendar_T VALUES("2008","SU","2008-01-01","2008-12-31");
INSERT INTO Calendar_T VALUES("2009","FA","2009-01-01","2009-12-31");
INSERT INTO Calendar_T VALUES("2009","WI","2009-01-01","2009-12-31");
INSERT INTO Calendar_T VALUES("2009","SP","2009-01-01","2009-12-31");
INSERT INTO Calendar_T VALUES("2009","SU","2009-01-01","2009-12-31");
INSERT INTO Calendar_T VALUES("2010","FA","2010-01-01","2010-12-31");
INSERT INTO Calendar_T VALUES("2010","WI","2010-01-01","2010-12-31");
INSERT INTO Calendar_T VALUES("2010","SP","2010-01-01","2010-12-31");
INSERT INTO Calendar_T VALUES("2010","SU","2010-01-01","2010-12-31");
INSERT INTO Calendar_T VALUES("2011","FA","2011-01-01","2011-12-31");
INSERT INTO Calendar_T VALUES("2011","WI","2011-01-01","2011-12-31");
INSERT INTO Calendar_T VALUES("2011","SP","2011-01-01","2011-12-31");
INSERT INTO Calendar_T VALUES("2011","SU","2011-01-01","2011-12-31");
INSERT INTO Calendar_T VALUES("2012","FA","2012-01-01","2012-12-31");
INSERT INTO Calendar_T VALUES("2012","WI","2012-01-01","2012-12-31");
INSERT INTO Calendar_T VALUES("2012","SP","2012-01-01","2012-12-31");
INSERT INTO Calendar_T VALUES("2012","SU","2012-01-01","2012-12-31");
INSERT INTO Calendar_T VALUES("2013","FA","2013-01-01","2013-12-31");
INSERT INTO Calendar_T VALUES("2013","WI","2013-01-01","2013-12-31");
INSERT INTO Calendar_T VALUES("2013","SP","2013-01-01","2013-12-31");
INSERT INTO Calendar_T VALUES("2013","SU","2013-01-01","2013-12-31");
INSERT INTO Calendar_T VALUES("2014","FA","2014-01-01","2014-12-31");
INSERT INTO Calendar_T VALUES("2014","WI","2014-01-01","2014-12-31");
INSERT INTO Calendar_T VALUES("2014","SP","2014-01-01","2014-12-31");
INSERT INTO Calendar_T VALUES("2014","SU","2014-01-01","2014-12-31");
INSERT INTO Calendar_T VALUES("2015","FA","2015-01-01","2015-12-31");
INSERT INTO Calendar_T VALUES("2015","WI","2015-01-01","2015-12-31");
INSERT INTO Calendar_T VALUES("2015","SP","2015-01-01","2015-12-31");
INSERT INTO Calendar_T VALUES("2015","SU","2015-01-01","2015-12-31");
INSERT INTO Calendar_T VALUES("2016","FA","2016-01-01","2016-12-31");
INSERT INTO Calendar_T VALUES("2016","WI","2016-01-01","2016-12-31");
INSERT INTO Calendar_T VALUES("2016","SP","2016-01-01","2016-12-31");
INSERT INTO Calendar_T VALUES("2016","SU","2016-01-01","2016-12-31");
INSERT INTO Calendar_T VALUES("2017","FA","2017-01-01","2017-12-31");
INSERT INTO Calendar_T VALUES("2017","WI","2017-01-01","2017-12-31");
INSERT INTO Calendar_T VALUES("2017","SP","2017-01-01","2017-12-31");
INSERT INTO Calendar_T VALUES("2017","SU","2017-01-01","2017-12-31");
INSERT INTO Calendar_T VALUES("2018","FA","2018-01-01","2018-12-31");
INSERT INTO Calendar_T VALUES("2018","WI","2018-01-01","2018-12-31");
INSERT INTO Calendar_T VALUES("2018","SP","2018-01-01","2018-12-31");
INSERT INTO Calendar_T VALUES("2018","SU","2018-01-01","2018-12-31");
INSERT INTO Calendar_T VALUES("2019","FA","2019-01-01","2019-12-31");
INSERT INTO Calendar_T VALUES("2019","WI","2019-01-01","2019-12-31");
INSERT INTO Calendar_T VALUES("2019","SP","2019-01-01","2019-12-31");
INSERT INTO Calendar_T VALUES("2019","SU","2019-01-01","2019-12-31");
INSERT INTO Calendar_T VALUES("2020","FA","2020-01-01","2020-12-31");
INSERT INTO Calendar_T VALUES("2020","WI","2020-01-01","2020-12-31");
INSERT INTO Calendar_T VALUES("2020","SP","2020-01-01","2020-12-31");
INSERT INTO Calendar_T VALUES("2020","SU","2020-01-01","2020-12-31");
INSERT INTO Calendar_T VALUES("2021","FA","2021-01-01","2021-12-31");
INSERT INTO Calendar_T VALUES("2021","WI","2021-01-01","2021-12-31");
INSERT INTO Calendar_T VALUES("2021","SP","2021-01-01","2021-12-31");
INSERT INTO Calendar_T VALUES("2021","SU","2021-01-01","2021-12-31");
INSERT INTO Calendar_T VALUES("2022","FA","2022-01-01","2022-12-31");
INSERT INTO Calendar_T VALUES("2022","WI","2022-01-01","2022-12-31");
INSERT INTO Calendar_T VALUES("2022","SP","2022-01-01","2022-12-31");
INSERT INTO Calendar_T VALUES("2022","SU","2022-01-01","2022-12-31");
INSERT INTO Calendar_T VALUES("2023","FA","2023-01-01","2023-12-31");
INSERT INTO Calendar_T VALUES("2023","WI","2023-01-01","2023-12-31");
INSERT INTO Calendar_T VALUES("2023","SP","2023-01-01","2023-12-31");
INSERT INTO Calendar_T VALUES("2023","SU","2023-01-01","2023-12-31");
INSERT INTO Calendar_T VALUES("2024","FA","2024-01-01","2024-12-31");
INSERT INTO Calendar_T VALUES("2024","WI","2024-01-01","2024-12-31");
INSERT INTO Calendar_T VALUES("2024","SP","2024-01-01","2024-12-31");
INSERT INTO Calendar_T VALUES("2024","SU","2024-01-01","2024-12-31");
INSERT INTO Calendar_T VALUES("2025","FA","2025-01-01","2025-12-31");
INSERT INTO Calendar_T VALUES("2025","WI","2025-01-01","2025-12-31");
INSERT INTO Calendar_T VALUES("2025","SP","2025-01-01","2025-12-31");
INSERT INTO Calendar_T VALUES("2025","SU","2025-01-01","2025-12-31");
INSERT INTO Calendar_T VALUES("2026","FA","2026-01-01","2026-12-31");
INSERT INTO Calendar_T VALUES("2026","WI","2026-01-01","2026-12-31");
INSERT INTO Calendar_T VALUES("2026","SP","2026-01-01","2026-12-31");
INSERT INTO Calendar_T VALUES("2026","SU","2026-01-01","2026-12-31");
INSERT INTO Calendar_T VALUES("2027","FA","2027-01-01","2027-12-31");
INSERT INTO Calendar_T VALUES("2027","WI","2027-01-01","2027-12-31");
INSERT INTO Calendar_T VALUES("2027","SP","2027-01-01","2027-12-31");
INSERT INTO Calendar_T VALUES("2027","SU","2027-01-01","2027-12-31");
INSERT INTO Calendar_T VALUES("2028","FA","2028-01-01","2028-12-31");
INSERT INTO Calendar_T VALUES("2028","WI","2028-01-01","2028-12-31");
INSERT INTO Calendar_T VALUES("2028","SP","2028-01-01","2028-12-31");
INSERT INTO Calendar_T VALUES("2028","SU","2028-01-01","2028-12-31");
INSERT INTO Calendar_T VALUES("2029","FA","2029-01-01","2029-12-31");
INSERT INTO Calendar_T VALUES("2029","WI","2029-01-01","2029-12-31");
INSERT INTO Calendar_T VALUES("2029","SP","2029-01-01","2029-12-31");
INSERT INTO Calendar_T VALUES("2029","SU","2029-01-01","2029-12-31");
INSERT INTO Calendar_T VALUES("2030","FA","2030-01-01","2030-12-31");
INSERT INTO Calendar_T VALUES("2030","WI","2030-01-01","2030-12-31");
INSERT INTO Calendar_T VALUES("2030","SP","2030-01-01","2030-12-31");
INSERT INTO Calendar_T VALUES("2030","SU","2030-01-01","2030-12-31");


/* Building inserts */

INSERT INTO Building_T VALUES("5552","Greer Hall","0");
INSERT INTO Building_T VALUES("4261","Hoeck Hall","1");
INSERT INTO Building_T VALUES("8476","Harper Hall","1");
INSERT INTO Building_T VALUES("2452","Humphries Hall","1");
INSERT INTO Building_T VALUES("4603","Armstrong Hall","1");
INSERT INTO Building_T VALUES("0739","Barrow Hall","1");
INSERT INTO Building_T VALUES("2316","Destefano Hall","1");
INSERT INTO Building_T VALUES("1020","Escalante Hall","1");
INSERT INTO Building_T VALUES("6941","Breitbart Hall","1");
INSERT INTO Building_T VALUES("1034","Muncy Hall","1");

/* Room inserts */

INSERT INTO Room_T VALUES("475408","6941","34","0","1","0","1");
INSERT INTO Room_T VALUES("807060","8476","39","1","1","1","1");
INSERT INTO Room_T VALUES("075046","1020","49","1","1","1","1");
INSERT INTO Room_T VALUES("685148","6941","33","1","0","1","0");
INSERT INTO Room_T VALUES("688765","1034","14","1","0","1","1");
INSERT INTO Room_T VALUES("526352","5552","18","1","1","1","1");
INSERT INTO Room_T VALUES("859621","1020","26","1","1","1","1");
INSERT INTO Room_T VALUES("255694","1020","19","1","1","0","1");
INSERT INTO Room_T VALUES("300138","8476","30","1","1","1","1");
INSERT INTO Room_T VALUES("962752","6941","48","1","1","1","1");
INSERT INTO Room_T VALUES("194777","6941","29","1","1","1","1");
INSERT INTO Room_T VALUES("013066","2316","22","1","1","1","1");
INSERT INTO Room_T VALUES("897311","2316","34","1","1","0","1");
INSERT INTO Room_T VALUES("963587","8476","34","1","1","1","1");
INSERT INTO Room_T VALUES("155918","0739","49","1","1","0","1");
INSERT INTO Room_T VALUES("592801","1034","13","1","1","1","1");
INSERT INTO Room_T VALUES("417310","1034","44","1","1","0","1");
INSERT INTO Room_T VALUES("428455","2316","38","1","1","1","1");
INSERT INTO Room_T VALUES("275819","8476","30","0","1","0","1");
INSERT INTO Room_T VALUES("603984","2452","37","1","1","1","1");
INSERT INTO Room_T VALUES("389772","2316","28","1","0","1","1");
INSERT INTO Room_T VALUES("764485","5552","45","0","1","1","1");
INSERT INTO Room_T VALUES("435353","0739","33","1","1","1","1");
INSERT INTO Room_T VALUES("214994","6941","42","1","0","1","1");
INSERT INTO Room_T VALUES("363823","0739","17","1","0","1","1");
INSERT INTO Room_T VALUES("617680","4603","20","1","1","1","1");
INSERT INTO Room_T VALUES("230303","8476","37","1","1","1","1");
INSERT INTO Room_T VALUES("340527","1034","44","1","0","1","1");
INSERT INTO Room_T VALUES("179108","0739","26","1","1","1","1");
INSERT INTO Room_T VALUES("889525","0739","36","1","1","1","1");
INSERT INTO Room_T VALUES("816044","4603","14","1","0","1","1");
INSERT INTO Room_T VALUES("551251","5552","27","1","1","1","1");
INSERT INTO Room_T VALUES("879955","6941","19","1","1","0","1");
INSERT INTO Room_T VALUES("470479","4603","39","1","1","1","1");
INSERT INTO Room_T VALUES("819102","4603","48","1","0","0","1");
INSERT INTO Room_T VALUES("615275","5552","46","1","1","1","1");
INSERT INTO Room_T VALUES("095794","2316","13","1","0","0","1");
INSERT INTO Room_T VALUES("478100","2452","38","1","1","1","1");
INSERT INTO Room_T VALUES("960599","8476","41","0","1","1","0");
INSERT INTO Room_T VALUES("940208","5552","42","1","0","1","1");
INSERT INTO Room_T VALUES("111368","1034","19","1","1","0","1");
INSERT INTO Room_T VALUES("285792","1034","19","1","1","1","0");
INSERT INTO Room_T VALUES("731501","0739","41","0","0","1","1");
INSERT INTO Room_T VALUES("891055","5552","12","1","1","1","1");
INSERT INTO Room_T VALUES("045448","2316","21","0","0","0","1");
INSERT INTO Room_T VALUES("298243","4603","50","1","0","1","1");
INSERT INTO Room_T VALUES("659567","8476","38","1","0","0","0");
INSERT INTO Room_T VALUES("313610","6941","33","0","1","1","1");
INSERT INTO Room_T VALUES("859600","0739","19","1","1","0","1");
INSERT INTO Room_T VALUES("519915","5552","27","1","0","1","1");
INSERT INTO Room_T VALUES("512369","5552","35","1","0","1","1");
INSERT INTO Room_T VALUES("102966","2452","47","0","0","1","1");
INSERT INTO Room_T VALUES("881734","2316","14","1","1","0","1");
INSERT INTO Room_T VALUES("642690","2316","23","0","1","0","1");
INSERT INTO Room_T VALUES("693491","1034","14","1","1","1","1");
INSERT INTO Room_T VALUES("510712","1034","25","0","1","0","1");
INSERT INTO Room_T VALUES("108426","6941","19","1","1","1","1");
INSERT INTO Room_T VALUES("109044","5552","14","1","0","0","1");
INSERT INTO Room_T VALUES("095012","2452","31","1","1","1","1");
INSERT INTO Room_T VALUES("204350","2316","12","1","1","0","1");
INSERT INTO Room_T VALUES("250821","2316","40","0","1","0","1");
INSERT INTO Room_T VALUES("001528","4603","36","0","1","1","1");
INSERT INTO Room_T VALUES("349064","6941","22","1","1","1","1");
INSERT INTO Room_T VALUES("291475","2316","40","1","1","1","1");
INSERT INTO Room_T VALUES("998716","5552","31","1","1","1","1");
INSERT INTO Room_T VALUES("842395","0739","43","1","1","1","1");
INSERT INTO Room_T VALUES("066288","2316","19","1","1","1","1");
INSERT INTO Room_T VALUES("009226","6941","28","1","1","1","1");
INSERT INTO Room_T VALUES("597365","1034","21","1","1","0","1");
INSERT INTO Room_T VALUES("651662","6941","36","1","1","1","1");
INSERT INTO Room_T VALUES("688369","1020","16","1","1","1","1");
INSERT INTO Room_T VALUES("194774","2452","34","0","1","1","1");
INSERT INTO Room_T VALUES("925728","4603","29","1","1","1","1");
INSERT INTO Room_T VALUES("915143","1020","14","1","0","0","1");
INSERT INTO Room_T VALUES("724297","1034","47","1","1","0","1");
INSERT INTO Room_T VALUES("271426","8476","24","1","1","1","1");
INSERT INTO Room_T VALUES("524439","4603","40","1","1","0","1");
INSERT INTO Room_T VALUES("073012","5552","10","1","1","1","1");
INSERT INTO Room_T VALUES("559604","0739","23","1","1","1","1");
INSERT INTO Room_T VALUES("290164","8476","26","1","1","1","1");
INSERT INTO Room_T VALUES("479778","1034","20","0","1","1","1");
INSERT INTO Room_T VALUES("507765","2452","47","1","0","1","1");
INSERT INTO Room_T VALUES("965567","2316","44","1","1","0","1");
INSERT INTO Room_T VALUES("019948","4603","20","1","0","0","1");
INSERT INTO Room_T VALUES("071120","1020","45","1","0","1","1");
INSERT INTO Room_T VALUES("016133","1034","29","1","0","1","1");
INSERT INTO Room_T VALUES("158112","5552","11","1","1","1","1");
INSERT INTO Room_T VALUES("201159","6941","45","1","1","1","1");
INSERT INTO Room_T VALUES("312770","1020","24","1","1","1","1");
INSERT INTO Room_T VALUES("197628","2316","28","1","1","1","1");
INSERT INTO Room_T VALUES("871552","1020","24","1","1","0","0");
INSERT INTO Room_T VALUES("006774","5552","43","1","1","1","1");
INSERT INTO Room_T VALUES("500075","2452","31","1","1","1","1");
INSERT INTO Room_T VALUES("918206","5552","25","1","1","1","1");
INSERT INTO Room_T VALUES("629302","8476","28","0","1","1","1");
INSERT INTO Room_T VALUES("854225","2452","29","1","1","0","1");
INSERT INTO Room_T VALUES("729568","1020","14","1","0","0","1");
INSERT INTO Room_T VALUES("784648","6941","34","1","1","1","1");
INSERT INTO Room_T VALUES("200387","8476","10","1","1","1","1");
INSERT INTO Room_T VALUES("679208","8476","28","1","1","0","1");

/* Course inserts */

INSERT INTO Course_T VALUES("92749","PS","temporary title","4.0","1");
INSERT INTO Course_T VALUES("08705","PH","temporary title","3.5","1");
INSERT INTO Course_T VALUES("00362","DA","temporary title","6.0","1");
INSERT INTO Course_T VALUES("83850","PS","temporary title","3.0","1");
INSERT INTO Course_T VALUES("28258","PS","temporary title","5.5","1");
INSERT INTO Course_T VALUES("24392","PL","temporary title","5.0","1");
INSERT INTO Course_T VALUES("60638","EE","temporary title","4.0","1");
INSERT INTO Course_T VALUES("95069","TH","temporary title","8.0","1");
INSERT INTO Course_T VALUES("63136","PS","temporary title","5.0","1");
INSERT INTO Course_T VALUES("11663","MA","temporary title","3.0","0");
INSERT INTO Course_T VALUES("28069","EE","temporary title","8.0","1");
INSERT INTO Course_T VALUES("17718","EN","temporary title","4.0","1");
INSERT INTO Course_T VALUES("55056","DA","temporary title","3.0","0");
INSERT INTO Course_T VALUES("53985","HI","temporary title","3.0","1");
INSERT INTO Course_T VALUES("51610","PL","temporary title","8.0","1");
INSERT INTO Course_T VALUES("76898","PH","temporary title","3.0","1");
INSERT INTO Course_T VALUES("82137","PH","temporary title","4.0","1");
INSERT INTO Course_T VALUES("94300","TH","temporary title","8.0","1");
INSERT INTO Course_T VALUES("20340","EN","temporary title","2.0","1");
INSERT INTO Course_T VALUES("16940","MA","temporary title","5.0","1");
INSERT INTO Course_T VALUES("43622","PL","temporary title","6.0","1");
INSERT INTO Course_T VALUES("61603","MA","temporary title","6.0","1");
INSERT INTO Course_T VALUES("49034","EE","temporary title","4.0","1");
INSERT INTO Course_T VALUES("09173","CJ","temporary title","4.0","1");
INSERT INTO Course_T VALUES("03508","PS","temporary title","8.5","1");
INSERT INTO Course_T VALUES("86580","EE","temporary title","6.0","1");
INSERT INTO Course_T VALUES("74880","CC","temporary title","2.0","1");
INSERT INTO Course_T VALUES("00744","CJ","temporary title","4.5","1");
INSERT INTO Course_T VALUES("39170","BU","temporary title","8.0","1");
INSERT INTO Course_T VALUES("22113","EN","temporary title","3.0","1");

/* Student inserts */

INSERT INTO Student_T VALUES("2226403040","Marjorie","Palmer","1989","1989","1982-10-11","f","52 Linnmore Drive","","Manchester","06040","7646444570","","PalmerMarjorie20096@bing.com","","US","CT");
INSERT INTO Student_T VALUES("6062989705","Sonja","Daniels","2004","2005","1986-09-03","m","416 Waverly Avenue","","Baltimore","21225","4781096245","6227532732","3DanielsSonja1550@gmail.org","","US","MD");
INSERT INTO Student_T VALUES("6036379329","Robert","Jackson","1993","1996","1986-11-12","f","1032 Brayhill Road","","Edmond","73003","1819422810","5195036152","29Jackson94Robert2@yahoo.org","","US","OK");
INSERT INTO Student_T VALUES("5847471396","Olive","Ellenburg","1999","2004","1989-09-17","f","37122 Contra Costa Avenue","","Fremont","94536","7066844800","","64Ellenburg198Olive@bing.net","","US","CA");
INSERT INTO Student_T VALUES("3701255406","Phil","Snyder","1988","1992","1988-02-09","m","56 Daley Lane","","Castleton","05732","3500256254","","Phil418242@gmail.com","","US","VT");
INSERT INTO Student_T VALUES("0760413350","Carl","Klimczyk","2005","2010","1998-03-09","f","981 Groton Long Point Road","","Groton","06340","4498215324","","35245Carl3@hotmail.org","Klimczyk4049Carl2@hotmail.net","US","CT");
INSERT INTO Student_T VALUES("7933129981","Natasha","Christensen","1995","1997","1988-04-17","m","5644 Kipling Parkway","#108","Arvada","80002","9476114469","","59ChristensenNatasha488@redmail.net","0Christensen5Natasha430@yahoo.org","US","CO");
INSERT INTO Student_T VALUES("0408850478","Rosario","Taylor","1998","1999","1988-01-14","m","55 Armory Street","#1","Quincy","02169","6183559321","","Rosario139744@bing.org","6Rosario5Taylor746@redmail.com","US","MA");
INSERT INTO Student_T VALUES("6666772664","Freda","Becher","1986","1988","1982-07-17","m","1311 Durrett Lane","","Louisville","40213","1388434987","","834885Freda@bing.net","","US","KY");
INSERT INTO Student_T VALUES("4021896303","Joseph","Wing","1994","1999","1988-07-05","f","6413 Kendall Street","","Arvada","80003","8843504237","6379666974","47JosephWing438@hotmail.org","00Joseph0Wing50@gmail.net","US","CO");
INSERT INTO Student_T VALUES("1525397663","Nicholas","Shavers","1996","2002","1994-11-03","m","28 Garden Drive","B","Manchester","06040","0561660567","","Nicholas13Shavers303@gmail.com","","US","CT");
INSERT INTO Student_T VALUES("1350152627","Anna","Parson","1992","1994","1990-01-08","m","350 Woodbine Road","","Shelburne","05482","9805961551","","4Anna1Parson759@redmail.com","","US","VT");
INSERT INTO Student_T VALUES("1404254826","Ryan","Mazur","1995","2001","1995-03-25","m","5611 Kendall Court","#3","Arvada","80002","9375420171","","44MazurRyan440@hotmail.org","45306RyanMazur@redmail.net","US","CO");
INSERT INTO Student_T VALUES("9324829019","Martha","Snider","2002","2004","1998-09-24","m","1816 U Place Southeast","","Washington","20020","8594144514","3409228791","668Martha2Snider5@yahoo.net","","US","DC");
INSERT INTO Student_T VALUES("7707923521","Teresa","Kimes","2010","2020","1996-04-27","f","8496 Isles Court","","Pasadena","21122","2346654375","","1Teresa8Kimes650@hotmail.net","","US","MD");
INSERT INTO Student_T VALUES("9502406211","Arthur","Drees","1998","2006","1984-10-17","f","4052 Brandywine Pointe Boulevard","","Nashville","37138","4493519958","1979990307","6084DreesArthur9@bing.com","","US","TN");
INSERT INTO Student_T VALUES("7789296966","Edward","Stevens","2001","2011","1993-10-31","f","110 Seaton Place Northwest","","Washington","20001","1332470372","","8Edward186Stevens9@hotmail.org","","US","DC");
INSERT INTO Student_T VALUES("9901755000","Richard","Livley","2006","2010","1988-10-14","f","91 85th Avenue","","Fayetteville","72704","4137116277","","215RichardLivley14@bing.net","","US","AR");
INSERT INTO Student_T VALUES("4191604514","Patricia","Roberts","1998","2004","1982-08-30","m","14300 Leesa Lane","","Edmond","73013","5702911516","","636Patricia721@gmail.net","15RobertsPatricia643@redmail.com","US","OK");
INSERT INTO Student_T VALUES("9166493683","Santos","Lee","2006","2011","1994-02-13","m","308 School Avenue","","Panama City","32401","5597492421","","Lee70705Santos@bing.com","","US","FL");
INSERT INTO Student_T VALUES("1963235125","Mildred","Burks","2001","2004","1995-04-17","f","6740 Van Gordon Street","","Arvada","80004","7341895937","","246180Burks@hotmail.net","","US","CO");
INSERT INTO Student_T VALUES("5601178295","Rene","Singleton","1997","1997","1980-03-25","f","12460 West Solano Drive","","Litchfield Park","85340","2261960378","","Rene454723@yahoo.com","","US","AZ");
INSERT INTO Student_T VALUES("8967100365","Stephanie","Rangel","2009","2015","1993-01-06","m","16 Pine Hill Street","","Manchester","06042","2385765228","","08092Rangel8@redmail.org","3RangelStephanie7768@redmail.net","US","CT");
INSERT INTO Student_T VALUES("5922332986","Madelyn","Reason","1990","1991","1990-07-26","f","66 Bradford Road","","Braintree","02184","0134389694","","7540Madelyn11@bing.org","","US","MA");
INSERT INTO Student_T VALUES("5192307220","Linda","Nugent","1998","2002","1993-10-25","m","1915 Southeast 29th Street","","Oklahoma City","73129","0857522695","0786609143","Nugent387608@bing.com","","US","OK");
INSERT INTO Student_T VALUES("9026907866","Cindy","Gladwin","1999","1999","1989-01-14","f","6518 Dolphin Court","","Glen Burnie","21061","8565573991","","CindyGladwin10776@gmail.org","Cindy4825Gladwin8@redmail.net","US","MD");
INSERT INTO Student_T VALUES("7172323415","Elva","Mallory","2017","2024","1997-08-14","m","2315 Chestnut Street","","Montgomery","36107","5646254402","","ElvaMallory04125@yahoo.org","","US","AL");
INSERT INTO Student_T VALUES("0795446083","Jessica","Carter","1991","1991","1984-03-23","m","2236 Susitna Drive","","Anchorage","99517","4905266777","","JessicaCarter92096@yahoo.net","","US","AK");
INSERT INTO Student_T VALUES("9662726583","Caroline","Merryman","2003","2003","1984-11-27","m","1508 Massachusetts Avenue Southeast","","Washington","20003","1452324594","","8815Merryman5Caroline@bing.net","326754Caroline@gmail.net","US","DC");
INSERT INTO Student_T VALUES("2378269151","Kimberly","Allard","1982","1991","1981-07-08","f","1500 South Division Street","","Guthrie","73044","6061002207","","84Kimberly089Allard@bing.net","","US","OK");
INSERT INTO Student_T VALUES("4144667698","Monica","Carpenter","2003","2004","1986-02-01","m","634 Chautauqua Avenue","","Norman","73069","1903608763","","Monica458692@redmail.org","","US","OK");
INSERT INTO Student_T VALUES("1509426085","Timothy","Castillo","2011","2017","1994-09-22","m","416 South University Boulevard","","Norman","73069","6538811031","7775338258","CastilloTimothy47069@yahoo.org","","US","OK");
INSERT INTO Student_T VALUES("7676620817","Maria","Thomas","2017","2023","1998-03-11","f","7952 South Algonquian Way","","Aurora","80016","9251034380","","83Maria8275@gmail.com","","US","CO");
INSERT INTO Student_T VALUES("8105867117","Alba","Thibodeau","2001","2006","1986-09-11","m","1515 Chandlee Avenue","","Panama City","32405","3389873244","3467891344","AlbaThibodeau87853@yahoo.com","","US","FL");
INSERT INTO Student_T VALUES("1699011193","Crystal","Mathwich","2003","2003","1990-09-13","m","2747 68th Avenue","","Oakland","94605","3595964878","7450376732","Crystal842228@hotmail.org","","US","CA");
INSERT INTO Student_T VALUES("8147904628","Trina","Curran","1980","1990","1980-11-24","m","6522 Harlan Street","","Arvada","80003","1526002624","5467109029","Trina9656Curran8@hotmail.net","","US","CO");
INSERT INTO Student_T VALUES("4131465842","Edward","Beach","2009","2010","1993-09-12","f","319 West Silverwood Drive","","Midwest City","73110","7788475569","5260327505","809EdwardBeach80@redmail.org","","US","OK");
INSERT INTO Student_T VALUES("1622922875","Flora","Eldreth","1999","2001","1994-01-06","f","10774 West 54th Lane","","Arvada","80002","7235291538","4810114151","Eldreth7796Flora2@bing.org","","US","CO");
INSERT INTO Student_T VALUES("5887780108","Steve","Mcclelland","1993","1999","1989-01-26","f","1751 Shoreham Drive","","Montgomery","36106","0569770012","","4502Mcclelland2Steve@hotmail.com","","US","AL");
INSERT INTO Student_T VALUES("9519235691","Kimberly","Reyes","2004","2011","1989-03-25","m","3213 Ivy Wood Lane","","Laurel","20724","5473465211","","8ReyesKimberly3108@hotmail.net","","US","MD");
INSERT INTO Student_T VALUES("2283381254","Gordon","Martin","1989","1990","1982-07-12","f","812 Southwest 151st Street","","Oklahoma City","73170","2195128089","9504366830","Martin8255Gordon0@yahoo.com","","US","OK");
INSERT INTO Student_T VALUES("3772422806","Christopher","Hoelscher","2005","2010","1997-08-19","f","4296 North Blossom Court","","Fayetteville","72703","2075096417","","028ChristopherHoelscher83@gmail.net","","US","AR");
INSERT INTO Student_T VALUES("1761269016","Martha","Sturgill","1991","1992","1981-03-21","f","6702 Johnny Mercer Boulevard","","Savannah","31410","8106201413","","1890Martha00@bing.net","","US","GA");
INSERT INTO Student_T VALUES("0710375549","Abel","Jackson","2006","2012","1992-03-29","f","2894 Music Avenue","","Grand Junction","81506","1080550835","","16Jackson1Abel80@hotmail.org","","US","CO");
INSERT INTO Student_T VALUES("5666987749","Irene","Kirby","1991","1994","1982-01-04","f","2278 North Windswept Lane","","Fayetteville","72703","8857721219","","Irene29Kirby584@redmail.com","","US","AR");
INSERT INTO Student_T VALUES("4364257247","Ricardo","Robinson","2009","2013","1995-10-21","f","208 Solitude Circle","","Goodlettsville","37072","7026127602","","9918Robinson7Ricardo@bing.net","Ricardo9801Robinson7@redmail.com","US","TN");
INSERT INTO Student_T VALUES("9125785620","Francis","Johnson","1994","1999","1985-04-14","m","3752 Roswell Place","","Montgomery","36116","7295451505","","5Johnson86364@bing.net","4Francis614Johnson7@bing.net","US","AL");
INSERT INTO Student_T VALUES("6132818889","Kiley","Hadley","1986","1994","1983-07-01","f","328 Missouri Avenue Northwest","","Washington","20011","3977710591","5449758874","748HadleyKiley36@bing.net","","US","DC");
INSERT INTO Student_T VALUES("8970680336","Ana","Cosme","2002","2002","1987-01-02","f","1300 East Dowling Road","","Anchorage","99518","3009786506","","06Cosme2Ana29@redmail.net","","US","AK");
INSERT INTO Student_T VALUES("6379417937","Julia","Green","1992","2002","1986-10-11","m","1642 Fendall Court","","Crofton","21114","3236141063","","4Green22Julia87@hotmail.org","","US","MD");

/* Faculty inserts */

INSERT INTO Faculty_T VALUES("6831689233","Lisa","West","professor","4783067541","74836","1983-11-21","3708 Fort Lincoln Drive Northeast","","Washington","20018","","551LisaWest83@bing.com","","HI","US","DC");
INSERT INTO Faculty_T VALUES("2159208837","Keith","Ford","professor","5740310809","88646","1967-05-31","2318 Camryns Crossing","","Panama City","32405","","2Keith292Ford3@redmail.org","1Keith1Ford910@gmail.net","TH","US","FL");
INSERT INTO Faculty_T VALUES("2695463038","Mary","Price","professsor","0531936389","83224","1941-07-28","106 Parker Parkway","","Mexico Beach","32456","","Mary65Price272@yahoo.net","","MA","US","FL");
INSERT INTO Faculty_T VALUES("2510993179","Herschel","Crawford","professor","1978542588","7631","1945-09-27","91 Courthouse Drive","","Guildhall","05905","6925987536","Crawford1Herschel5093@redmail.org","","PH","US","VT");
INSERT INTO Faculty_T VALUES("1311813769","Sue","Schultz","professor","3289600412","57626","1979-09-15","8507 Lorento Street","","Panama City Beach","32408","","0Sue48Schultz26@bing.com","6401Sue7Schultz@bing.net","MA","US","FL");
INSERT INTO Faculty_T VALUES("3128500323","Barry","Johnson","professor","7590636365","25111","1965-12-04","57 Birdie Lane","","Tewksbury","01876","","JohnsonBarry04696@redmail.org","","CJ","US","MA");
INSERT INTO Faculty_T VALUES("3405946876","Maude","Koetter","professor","2385674593","82738","1942-02-17","2577 Rhode Island Avenue Northeast","","Washington","20018","9178694118","16Koetter1Maude07@hotmail.net","","EE","US","DC");
INSERT INTO Faculty_T VALUES("7748603056","George","Hoyer","professor","2283637932","6148","1961-01-13","714 Venetian Way","","Panama City","32405","","6Hoyer594George1@gmail.net","","MA","US","FL");
INSERT INTO Faculty_T VALUES("0714979810","Jazmin","Hopper","professor","1298948363","68834","1966-10-23","106 Camelot Drive","","Plymouth","02360","","1Hopper167Jazmin8@gmail.com","","DA","US","MA");
INSERT INTO Faculty_T VALUES("3691328437","Rose","Lawlor","professsor","7902092901","3179","1972-07-12","7144 Marlborough Terrace","","Berkeley","94705","3303282324","08Lawlor44Rose6@yahoo.net","","PL","US","CA");
INSERT INTO Faculty_T VALUES("9698855275","Fritz","Duarte","professor","4845794247","95426","1990-09-21","900 Dupont Road","","Louisville","40207","","5Duarte43Fritz41@yahoo.org","","DA","US","KY");
INSERT INTO Faculty_T VALUES("8202313883","Lilian","Mccleese","teaching assistant","3505476139","64375","1958-08-25","21 Carver Lane","C","Manchester","06040","","22Lilian5024@yahoo.org","","PS","US","CT");
INSERT INTO Faculty_T VALUES("1516359605","Margaret","Elliott","professor","6235638267","79710","1984-09-24","3708 Fort Lincoln Drive Northeast","","Washington","20018","","845ElliottMargaret70@yahoo.com","","MA","US","DC");
INSERT INTO Faculty_T VALUES("9928927365","Alicia","Comeau","adjunct","3479240777","99279","1995-06-10","103 Razz Way","","Panama City Beach","32408","1078402840","48Alicia8Comeau61@gmail.org","","CJ","US","FL");
INSERT INTO Faculty_T VALUES("3974587485","Duane","Mann","professor","8527532764","4792","1989-07-11","3835 Oakes Drive","","Hayward","94542","","470886Mann@yahoo.org","43Duane62Mann3@yahoo.org","BU","US","CA");
INSERT INTO Faculty_T VALUES("1452224652","Helen","Pass","professor","0500318507","19491","1989-05-05","8509 Olde Gate","","Montgomery","36116","","6Pass0748Helen@hotmail.com","","PS","US","AL");
INSERT INTO Faculty_T VALUES("3551672284","Judith","Armstrong","professor","3109653202","9921","1982-02-26","3301 Old Muldoon Road","","Anchorage","99504","0550006576","Armstrong97619Judith@yahoo.com","","CS","US","AK");
INSERT INTO Faculty_T VALUES("1042804362","Diana","Moffett","professor","3176708331","94249","1987-10-04","615 Q Street Northwest","","Washington","20001","","309DianaMoffett72@gmail.com","0Diana48576@gmail.net","DA","US","DC");
INSERT INTO Faculty_T VALUES("4737902930","Shannon","Schwarz","adjunct","5013255639","34604","1969-08-18","737 Nelson Road","","Ludlow","05149","","8535Schwarz27@redmail.com","02320Shannon0@redmail.net","CC","US","VT");
INSERT INTO Faculty_T VALUES("8560327938","Kum","Vidal","professor","3223588007","41910","1947-05-02","3142 West Finger Road","","Fayetteville","72701","","8Kum1Vidal624@redmail.org","","CC","US","AR");
INSERT INTO Faculty_T VALUES("6748280425","Victor","Sonderegger","adjunct","4029871736","51136","1997-11-02","122 Coral Drive","","Panama City Beach","32413","","1Victor10533@redmail.net","","BU","US","FL");
INSERT INTO Faculty_T VALUES("5156745152","Lola","Reeb","professor","3125127640","56132","1982-02-01","3722 Kisling Loop","","Tyndall Air Force Base","32403","","Reeb32Lola883@redmail.org","","BU","US","FL");
INSERT INTO Faculty_T VALUES("4586407649","Jeff","Hankerson","professsor","2610514840","439","1956-07-16","1613 Maple Timber Court","","Nashville","37013","","830Jeff19Hankerson@redmail.org","","PL","US","TN");
INSERT INTO Faculty_T VALUES("0958867101","Robert","Langley","professor","1109476713","99822","1988-02-09","1380 Quincy Street Northwest","","Washington","20011","","130Langley3Robert8@yahoo.net","0Robert52560@bing.com","BU","US","DC");
INSERT INTO Faculty_T VALUES("3247151015","Angel","Adams","professor","4269693146","30902","1977-02-15","4216 Winter Lake Drive","","Louisville","40272","","879401Angel@yahoo.com","","PH","US","KY");
INSERT INTO Faculty_T VALUES("6224580482","Darlene","Nolan","tenured","8871824241","87940","1983-11-16","718 Newhall Drive","","Nashville","37206","","6Nolan2Darlene540@bing.net","","DA","US","TN");
INSERT INTO Faculty_T VALUES("7637339138","Betty","Gendel","professor","2545999808","48628","1968-09-09","1709 Southeast 51st Street","","Oklahoma City","73129","","Betty086Gendel18@bing.org","0Gendel08Betty43@yahoo.com","HI","US","OK");
INSERT INTO Faculty_T VALUES("3898390293","Leonardo","Craven","professor","1186318066","63325","1994-04-26","7607 Beulah Church Road","","Louisville","40228","","Craven6Leonardo3816@yahoo.net","","PS","US","KY");
INSERT INTO Faculty_T VALUES("9155707120","Laura","Phillips","adjunct","7146203632","66740","1980-08-09","17794 West 77th Lane","","Arvada","80007","","5Laura32282@gmail.net","26Phillips03Laura1@bing.com","CJ","US","CO");
INSERT INTO Faculty_T VALUES("7929155003","Alvin","Nowak","teaching assistant","3266847412","15570","1971-05-27","276 Adams Street","","Quincy","02169","","Nowak867Alvin34@bing.com","","PH","US","MA");
INSERT INTO Faculty_T VALUES("3998555860","Michael","Lopez","tenured","0328352226","50711","1954-08-29","833 South Brownell Road","","Williston","05495","","Lopez210Michael42@hotmail.com","663Michael8Lopez0@hotmail.net","EN","US","VT");
INSERT INTO Faculty_T VALUES("1474682493","Robert","Heinlen","professor","8071681555","16155","1962-09-01","16412 Eastwood Cut Off Road","","Louisville","40245","","RobertHeinlen68422@redmail.com","","EN","US","KY");
INSERT INTO Faculty_T VALUES("0668971580","Samantha","Scott","professor","9479229677","5331","1976-05-26","61 Thomas Street","#2","Dedham","02026","","Samantha08Scott151@gmail.com","","PL","US","MA");
INSERT INTO Faculty_T VALUES("3260034182","Aaron","Bellard","teaching assistant","1977150788","75300","1978-03-24","3110 East Victory Drive","","Savannah","31404","0671900082","35Aaron3Bellard13@yahoo.org","","HI","US","GA");
INSERT INTO Faculty_T VALUES("1704902332","Bert","Perkins","professor","9046735817","2717","1971-12-14","427 Gulf View Drive","","Panama City Beach","32413","","576Perkins678@yahoo.net","78PerkinsBert699@yahoo.net","CS","US","FL");
INSERT INTO Faculty_T VALUES("3922501266","Victor","Oquendo","teaching assistant","8776153477","79933","1943-01-07","20241 North 67th Avenue","#A7","Glendale","85308","","51Oquendo292Victor@bing.net","27Oquendo4890@bing.org","EN","US","AZ");
INSERT INTO Faculty_T VALUES("2383167746","Vince","Turner","tenured","0066899079","38233","1995-05-10","4313 Bylsma Circle","","Panama City","32404","","14Turner1638@bing.org","","HI","US","FL");
INSERT INTO Faculty_T VALUES("3360064142","Talia","Ceraos","professor","8846611305","90006","1989-10-06","204 North Holt Street","","Montgomery","36104","","Ceraos79546Talia@bing.net","","HI","US","AL");
INSERT INTO Faculty_T VALUES("1290292655","Shannon","Mosconi","teaching assistant","2391619436","85183","1965-07-06","8320 Cloud Street","","Laurel","20724","8965439314","803Mosconi0Shannon3@hotmail.net","Shannon5787Mosconi1@bing.com","CS","US","MD");
INSERT INTO Faculty_T VALUES("1110336003","Mary","Ames","professor","2988711203","60765","1940-06-04","39247 Sundale Drive","","Fremont","94538","","Ames705Mary73@gmail.org","","BU","US","CA");
INSERT INTO Faculty_T VALUES("7002553635","Victoria","Windmeyer","professor","8816907407","29432","1970-09-08","7720 Allison Street","#105","Arvada","80005","1624346684","4460WindmeyerVictoria8@yahoo.org","","BU","US","CO");
INSERT INTO Faculty_T VALUES("6214902719","Phillip","Richards","professor","6988187670","67188","1952-07-28","305 Becket Avenue","","Louisville","40118","0015227826","399Richards6Phillip9@yahoo.org","6832Phillip0Richards@redmail.net","PS","US","KY");
INSERT INTO Faculty_T VALUES("9030966137","Sarah","Sassano","professsor","0190679639","67920","1965-07-13","8614 Surf Drive","","Panama City","32408","","8Sarah89Sassano37@yahoo.net","","EE","US","FL");
INSERT INTO Faculty_T VALUES("4229472934","Berry","Ragsdale","tenured","6086456287","28544","1980-02-22","2906 Clare Avenue","","Nashville","37209","","51Berry517Ragsdale@gmail.net","","BU","US","TN");
INSERT INTO Faculty_T VALUES("5960488602","Margaret","Wattles","tenured","5210457792","56584","1973-09-22","11256 Palos Verdes Court","","Cupertino","95014","","Wattles79Margaret861@gmail.net","","CJ","US","CA");
INSERT INTO Faculty_T VALUES("1617561845","Neil","Mahan","adjunct","5901563206","42971","1946-08-02","513 10th Street Southeast","","Washington","20003","","Mahan00Neil051@yahoo.com","","BU","US","DC");
INSERT INTO Faculty_T VALUES("3234967784","Charles","Dennis","professor","4259697262","84590","1976-09-13","23124 North 71st Drive","","Glendale","85310","","058Dennis24Charles@yahoo.net","","PS","US","AZ");
INSERT INTO Faculty_T VALUES("3199258807","Verna","Short","professsor","3902984623","32599","1944-05-21","5740 North 59th Avenue","#1156","Glendale","85301","","432VernaShort74@yahoo.net","","MA","US","AZ");
INSERT INTO Faculty_T VALUES("6070588311","Marion","Rios","professsor","3303569084","3197","1944-08-18","8595 West 81st Drive","","Arvada","80005","","Rios25122Marion@yahoo.com","","CS","US","CO");
INSERT INTO Faculty_T VALUES("3483936435","Emelina","Dodson","professsor","1372123916","56157","1943-12-07","401 Fairhill Court","","Annapolis","21403","","Dodson4518Emelina9@hotmail.org","7Emelina4Dodson897@bing.net","DA","US","MD");

/* Section inserts */

INSERT INTO Section_T VALUES("H","00362","2030","WI","9928927365","962752","9:00 AM","9:50 AM","10","6941","MW");
INSERT INTO Section_T VALUES("E","95069","2022","SP","7637339138","428455","9:00 AM","9:50 AM","15","2316","WFS");
INSERT INTO Section_T VALUES("D","95069","2020","SP","5960488602","363823","10:00 AM","10:50 AM","25","0739","S");
INSERT INTO Section_T VALUES("D","61603","2012","FA","3360064142","615275","10:00 AM","10:50 AM","25","5552","MWF");
INSERT INTO Section_T VALUES("C","60638","2030","FA","4586407649","194777","9:00 AM","9:50 AM","45","6941","WFS");
INSERT INTO Section_T VALUES("B","86580","2027","FA","3551672284","200387","9:00 AM","9:50 AM","30","8476","MWR");
INSERT INTO Section_T VALUES("E","92749","2020","FA","1474682493","255694","10:00 AM","10:50 AM","35","1020","WFS");
INSERT INTO Section_T VALUES("C","20340","2001","SU","6070588311","685148","8:00 AM","8:50 AM","25","6941","MWF");
INSERT INTO Section_T VALUES("E","22113","2022","SP","0958867101","940208","9:00 AM","9:50 AM","40","5552","TR");
INSERT INTO Section_T VALUES("H","74880","2027","SP","7637339138","478100","10:00 AM","10:50 AM","10","2452","S");
INSERT INTO Section_T VALUES("E","16940","2014","SP","6224580482","500075","9:00 AM","9:50 AM","45","2452","MWS");
INSERT INTO Section_T VALUES("A","43622","2030","SU","3922501266","016133","10:00 AM","10:50 AM","25","1034","MWF");
INSERT INTO Section_T VALUES("D","03508","2000","SP","3998555860","214994","8:00 AM","8:50 AM","15","6941","MWS");
INSERT INTO Section_T VALUES("B","00744","2027","SP","9155707120","479778","11:00 AM","11:50 AM","45","1034","MWR");
INSERT INTO Section_T VALUES("B","09173","2012","FA","3234967784","881734","9:00 AM","9:50 AM","15","2316","TRS");
INSERT INTO Section_T VALUES("H","08705","2001","FA","6070588311","891055","11:00 AM","11:50 AM","10","5552","TRS");
INSERT INTO Section_T VALUES("A","03508","2006","FA","1704902332","965567","10:00 AM","10:50 AM","10","2316","TR");
INSERT INTO Section_T VALUES("B","28258","2010","SP","3405946876","965567","10:00 AM","10:50 AM","30","2316","MWR");
INSERT INTO Section_T VALUES("B","92749","2012","SP","1290292655","019948","8:00 AM","8:50 AM","30","4603","MWS");
INSERT INTO Section_T VALUES("A","39170","2016","FA","0714979810","194777","8:00 AM","8:50 AM","30","6941","S");
INSERT INTO Section_T VALUES("B","20340","2026","FA","7929155003","479778","10:00 AM","10:50 AM","45","1034","WFS");
INSERT INTO Section_T VALUES("G","94300","2028","FA","3691328437","009226","8:00 AM","8:50 AM","35","6941","MW");
INSERT INTO Section_T VALUES("H","51610","2008","SU","6214902719","001528","9:00 AM","9:50 AM","35","4603","MTWRF");
INSERT INTO Section_T VALUES("E","17718","2003","FA","0668971580","688369","11:00 AM","11:50 AM","45","1020","MWF");
INSERT INTO Section_T VALUES("D","63136","2026","WI","3234967784","001528","11:00 AM","11:50 AM","50","4603","MWS");
INSERT INTO Section_T VALUES("B","24392","2021","FA","6224580482","066288","9:00 AM","9:50 AM","20","2316","MW");
INSERT INTO Section_T VALUES("F","39170","2007","SP","3483936435","435353","9:00 AM","9:50 AM","20","0739","MTR");
INSERT INTO Section_T VALUES("E","39170","2024","FA","6831689233","500075","10:00 AM","10:50 AM","35","2452","S");
INSERT INTO Section_T VALUES("C","39170","2015","WI","5156745152","819102","11:00 AM","11:50 AM","10","4603","MTR");
INSERT INTO Section_T VALUES("D","92749","2006","FA","9698855275","285792","8:00 AM","8:50 AM","45","1034","MWR");

/* Enrollment inserts */

INSERT INTO Enrollment_T (StuID, SectionID, CourseID, Yr, Term, Midterm, Final, Add_date, Drop_date, Withdraw_date) VALUES("5847471396","B","00744","2027","SP","2027-01-01","2027-12-31","2026-11-16",null,null);
INSERT INTO Enrollment_T (StuID, SectionID, CourseID, Yr, Term, Midterm, Final, Add_date, Drop_date, Withdraw_date) VALUES("8147904628","B","86580","2027","FA","2027-01-01","2027-12-31","2026-11-16",null,null);
INSERT INTO Enrollment_T (StuID, SectionID, CourseID, Yr, Term, Midterm, Final, Add_date, Drop_date, Withdraw_date) VALUES("9324829019","D","61603","2012","FA","2012-01-01","2012-12-31","2011-11-16",null,null);
INSERT INTO Enrollment_T (StuID, SectionID, CourseID, Yr, Term, Midterm, Final, Add_date, Drop_date, Withdraw_date) VALUES("6666772664","D","03508","2000","SP","2000-01-01","2000-12-31","1999-11-16",null,null);
INSERT INTO Enrollment_T (StuID, SectionID, CourseID, Yr, Term, Midterm, Final, Add_date, Drop_date, Withdraw_date) VALUES("6062989705","E","39170","2024","FA","2024-01-01","2024-12-31","2023-11-16",null,null);
INSERT INTO Enrollment_T (StuID, SectionID, CourseID, Yr, Term, Midterm, Final, Add_date, Drop_date, Withdraw_date) VALUES("7172323415","A","03508","2006","FA","2006-01-01","2006-12-31","2005-11-16",null,null);
INSERT INTO Enrollment_T (StuID, SectionID, CourseID, Yr, Term, Midterm, Final, Add_date, Drop_date, Withdraw_date) VALUES("4364257247","H","74880","2027","SP","2027-01-01","2027-12-31","2026-11-16",null,null);
INSERT INTO Enrollment_T (StuID, SectionID, CourseID, Yr, Term, Midterm, Final, Add_date, Drop_date, Withdraw_date) VALUES("7172323415","A","43622","2030","SU","2030-01-01","2030-12-31","2029-11-16",null,null);
INSERT INTO Enrollment_T (StuID, SectionID, CourseID, Yr, Term, Midterm, Final, Add_date, Drop_date, Withdraw_date) VALUES("9662726583","E","17718","2003","FA","2003-01-01","2003-12-31","2002-11-16",null,null);
INSERT INTO Enrollment_T (StuID, SectionID, CourseID, Yr, Term, Midterm, Final, Add_date, Drop_date, Withdraw_date) VALUES("7172323415","B","24392","2021","FA","2021-01-01","2021-12-31","2020-11-16","2021-5-17",null);
INSERT INTO Enrollment_T (StuID, SectionID, CourseID, Yr, Term, Midterm, Final, Add_date, Drop_date, Withdraw_date) VALUES("9901755000","H","08705","2001","FA","2001-01-01","2001-12-31","2000-11-16",null,null);
INSERT INTO Enrollment_T (StuID, SectionID, CourseID, Yr, Term, Midterm, Final, Add_date, Drop_date, Withdraw_date) VALUES("1350152627","E","22113","2022","SP","2022-01-01","2022-12-31","2021-11-16",null,"2022-3-16");
INSERT INTO Enrollment_T (StuID, SectionID, CourseID, Yr, Term, Midterm, Final, Add_date, Drop_date, Withdraw_date) VALUES("4364257247","H","51610","2008","SU","2008-01-01","2008-12-31","2007-11-16",null,null);
INSERT INTO Enrollment_T (StuID, SectionID, CourseID, Yr, Term, Midterm, Final, Add_date, Drop_date, Withdraw_date) VALUES("5887780108","A","43622","2030","SU","2030-01-01","2030-12-31","2029-11-16",null,null);
INSERT INTO Enrollment_T (StuID, SectionID, CourseID, Yr, Term, Midterm, Final, Add_date, Drop_date, Withdraw_date) VALUES("1350152627","F","39170","2007","SP","2007-01-01","2007-12-31","2006-11-16",null,null);
INSERT INTO Enrollment_T (StuID, SectionID, CourseID, Yr, Term, Midterm, Final, Add_date, Drop_date, Withdraw_date) VALUES("4144667698","A","43622","2030","SU","2030-01-01","2030-12-31","2029-11-16",null,null);
INSERT INTO Enrollment_T (StuID, SectionID, CourseID, Yr, Term, Midterm, Final, Add_date, Drop_date, Withdraw_date) VALUES("0408850478","B","86580","2027","FA","2027-01-01","2027-12-31","2026-11-16",null,null);
INSERT INTO Enrollment_T (StuID, SectionID, CourseID, Yr, Term, Midterm, Final, Add_date, Drop_date, Withdraw_date) VALUES("1622922875","B","92749","2012","SP","2012-01-01","2012-12-31","2011-11-16",null,null);
INSERT INTO Enrollment_T (StuID, SectionID, CourseID, Yr, Term, Midterm, Final, Add_date, Drop_date, Withdraw_date) VALUES("1622922875","C","39170","2015","WI","2015-01-01","2015-12-31","2014-11-16",null,null);
INSERT INTO Enrollment_T (StuID, SectionID, CourseID, Yr, Term, Midterm, Final, Add_date, Drop_date, Withdraw_date) VALUES("5666987749","A","03508","2006","FA","2006-01-01","2006-12-31","2005-11-16",null,null);
INSERT INTO Enrollment_T (StuID, SectionID, CourseID, Yr, Term, Midterm, Final, Add_date, Drop_date, Withdraw_date) VALUES("4144667698","C","39170","2015","WI","2015-01-01","2015-12-31","2014-11-16",null,null);
INSERT INTO Enrollment_T (StuID, SectionID, CourseID, Yr, Term, Midterm, Final, Add_date, Drop_date, Withdraw_date) VALUES("9519235691","H","00362","2030","WI","2030-01-01","2030-12-31","2029-11-16",null,null);
INSERT INTO Enrollment_T (StuID, SectionID, CourseID, Yr, Term, Midterm, Final, Add_date, Drop_date, Withdraw_date) VALUES("3701255406","E","16940","2014","SP","2014-01-01","2014-12-31","2013-11-16",null,"2014-8-15");
INSERT INTO Enrollment_T (StuID, SectionID, CourseID, Yr, Term, Midterm, Final, Add_date, Drop_date, Withdraw_date) VALUES("9901755000","C","60638","2030","FA","2030-01-01","2030-12-31","2029-11-16",null,null);
INSERT INTO Enrollment_T (StuID, SectionID, CourseID, Yr, Term, Midterm, Final, Add_date, Drop_date, Withdraw_date) VALUES("9502406211","E","16940","2014","SP","2014-01-01","2014-12-31","2013-11-16",null,null);
INSERT INTO Enrollment_T (StuID, SectionID, CourseID, Yr, Term, Midterm, Final, Add_date, Drop_date, Withdraw_date) VALUES("7789296966","D","61603","2012","FA","2012-01-01","2012-12-31","2011-11-16",null,null);
INSERT INTO Enrollment_T (StuID, SectionID, CourseID, Yr, Term, Midterm, Final, Add_date, Drop_date, Withdraw_date) VALUES("1963235125","E","16940","2014","SP","2014-01-01","2014-12-31","2013-11-16",null,null);
INSERT INTO Enrollment_T (StuID, SectionID, CourseID, Yr, Term, Midterm, Final, Add_date, Drop_date, Withdraw_date) VALUES("7789296966","H","00362","2030","WI","2030-01-01","2030-12-31","2029-11-16",null,null);
INSERT INTO Enrollment_T (StuID, SectionID, CourseID, Yr, Term, Midterm, Final, Add_date, Drop_date, Withdraw_date) VALUES("6132818889","F","39170","2007","SP","2007-01-01","2007-12-31","2006-11-16",null,null);
INSERT INTO Enrollment_T (StuID, SectionID, CourseID, Yr, Term, Midterm, Final, Add_date, Drop_date, Withdraw_date) VALUES("4144667698","D","61603","2012","FA","2012-01-01","2012-12-31","2011-11-16",null,null);
INSERT INTO Enrollment_T (StuID, SectionID, CourseID, Yr, Term, Midterm, Final, Add_date, Drop_date, Withdraw_date) VALUES("4364257247","E","95069","2022","SP","2022-01-01","2022-12-31","2021-11-16",null,null);
INSERT INTO Enrollment_T (StuID, SectionID, CourseID, Yr, Term, Midterm, Final, Add_date, Drop_date, Withdraw_date) VALUES("5192307220","C","60638","2030","FA","2030-01-01","2030-12-31","2029-11-16",null,null);
INSERT INTO Enrollment_T (StuID, SectionID, CourseID, Yr, Term, Midterm, Final, Add_date, Drop_date, Withdraw_date) VALUES("7172323415","E","39170","2024","FA","2024-01-01","2024-12-31","2023-11-16",null,null);
INSERT INTO Enrollment_T (StuID, SectionID, CourseID, Yr, Term, Midterm, Final, Add_date, Drop_date, Withdraw_date) VALUES("1404254826","A","43622","2030","SU","2030-01-01","2030-12-31","2029-11-16",null,null);
INSERT INTO Enrollment_T (StuID, SectionID, CourseID, Yr, Term, Midterm, Final, Add_date, Drop_date, Withdraw_date) VALUES("5601178295","H","51610","2008","SU","2008-01-01","2008-12-31","2007-11-16",null,null);
INSERT INTO Enrollment_T (StuID, SectionID, CourseID, Yr, Term, Midterm, Final, Add_date, Drop_date, Withdraw_date) VALUES("1963235125","H","51610","2008","SU","2008-01-01","2008-12-31","2007-11-16",null,"2008-10-13");
INSERT INTO Enrollment_T (StuID, SectionID, CourseID, Yr, Term, Midterm, Final, Add_date, Drop_date, Withdraw_date) VALUES("5847471396","C","20340","2001","SU","2001-01-01","2001-12-31","2000-11-16",null,null);
INSERT INTO Enrollment_T (StuID, SectionID, CourseID, Yr, Term, Midterm, Final, Add_date, Drop_date, Withdraw_date) VALUES("9324829019","H","00362","2030","WI","2030-01-01","2030-12-31","2029-11-16",null,null);
INSERT INTO Enrollment_T (StuID, SectionID, CourseID, Yr, Term, Midterm, Final, Add_date, Drop_date, Withdraw_date) VALUES("7707923521","C","60638","2030","FA","2030-01-01","2030-12-31","2029-11-16",null,null);
INSERT INTO Enrollment_T (StuID, SectionID, CourseID, Yr, Term, Midterm, Final, Add_date, Drop_date, Withdraw_date) VALUES("4364257247","D","92749","2006","FA","2006-01-01","2006-12-31","2005-11-16",null,null);
INSERT INTO Enrollment_T (StuID, SectionID, CourseID, Yr, Term, Midterm, Final, Add_date, Drop_date, Withdraw_date) VALUES("5847471396","B","20340","2026","FA","2026-01-01","2026-12-31","2025-11-16",null,null);
INSERT INTO Enrollment_T (StuID, SectionID, CourseID, Yr, Term, Midterm, Final, Add_date, Drop_date, Withdraw_date) VALUES("1525397663","E","92749","2020","FA","2020-01-01","2020-12-31","2019-11-16",null,null);
INSERT INTO Enrollment_T (StuID, SectionID, CourseID, Yr, Term, Midterm, Final, Add_date, Drop_date, Withdraw_date) VALUES("5922332986","B","92749","2012","SP","2012-01-01","2012-12-31","2011-11-16",null,null);
INSERT INTO Enrollment_T (StuID, SectionID, CourseID, Yr, Term, Midterm, Final, Add_date, Drop_date, Withdraw_date) VALUES("4131465842","B","20340","2026","FA","2026-01-01","2026-12-31","2025-11-16",null,"2026-7-16");
INSERT INTO Enrollment_T (StuID, SectionID, CourseID, Yr, Term, Midterm, Final, Add_date, Drop_date, Withdraw_date) VALUES("5601178295","E","16940","2014","SP","2014-01-01","2014-12-31","2013-11-16",null,null);
INSERT INTO Enrollment_T (StuID, SectionID, CourseID, Yr, Term, Midterm, Final, Add_date, Drop_date, Withdraw_date) VALUES("6379417937","E","17718","2003","FA","2003-01-01","2003-12-31","2002-11-16",null,null);
INSERT INTO Enrollment_T (StuID, SectionID, CourseID, Yr, Term, Midterm, Final, Add_date, Drop_date, Withdraw_date) VALUES("5847471396","A","39170","2016","FA","2016-01-01","2016-12-31","2015-11-16",null,null);
INSERT INTO Enrollment_T (StuID, SectionID, CourseID, Yr, Term, Midterm, Final, Add_date, Drop_date, Withdraw_date) VALUES("8970680336","B","28258","2010","SP","2010-01-01","2010-12-31","2009-11-16",null,null);
INSERT INTO Enrollment_T (StuID, SectionID, CourseID, Yr, Term, Midterm, Final, Add_date, Drop_date, Withdraw_date) VALUES("4131465842","E","39170","2024","FA","2024-01-01","2024-12-31","2023-11-16",null,null);
INSERT INTO Enrollment_T (StuID, SectionID, CourseID, Yr, Term, Midterm, Final, Add_date, Drop_date, Withdraw_date) VALUES("8105867117","F","39170","2007","SP","2007-01-01","2007-12-31","2006-11-16",null,null);
INSERT INTO Enrollment_T (StuID, SectionID, CourseID, Yr, Term, Midterm, Final, Add_date, Drop_date, Withdraw_date) VALUES("2378269151","E","17718","2003","FA","2003-01-01","2003-12-31","2002-11-16",null,null);
INSERT INTO Enrollment_T (StuID, SectionID, CourseID, Yr, Term, Midterm, Final, Add_date, Drop_date, Withdraw_date) VALUES("5922332986","B","28258","2010","SP","2010-01-01","2010-12-31","2009-11-16",null,null);
INSERT INTO Enrollment_T (StuID, SectionID, CourseID, Yr, Term, Midterm, Final, Add_date, Drop_date, Withdraw_date) VALUES("7933129981","H","74880","2027","SP","2027-01-01","2027-12-31","2026-11-16",null,null);
INSERT INTO Enrollment_T (StuID, SectionID, CourseID, Yr, Term, Midterm, Final, Add_date, Drop_date, Withdraw_date) VALUES("9502406211","D","95069","2020","SP","2020-01-01","2020-12-31","2019-11-16",null,null);
INSERT INTO Enrollment_T (StuID, SectionID, CourseID, Yr, Term, Midterm, Final, Add_date, Drop_date, Withdraw_date) VALUES("9125785620","C","20340","2001","SU","2001-01-01","2001-12-31","2000-11-16",null,null);
INSERT INTO Enrollment_T (StuID, SectionID, CourseID, Yr, Term, Midterm, Final, Add_date, Drop_date, Withdraw_date) VALUES("2226403040","B","00744","2027","SP","2027-01-01","2027-12-31","2026-11-16",null,null);
INSERT INTO Enrollment_T (StuID, SectionID, CourseID, Yr, Term, Midterm, Final, Add_date, Drop_date, Withdraw_date) VALUES("1699011193","H","74880","2027","SP","2027-01-01","2027-12-31","2026-11-16",null,null);
INSERT INTO Enrollment_T (StuID, SectionID, CourseID, Yr, Term, Midterm, Final, Add_date, Drop_date, Withdraw_date) VALUES("9502406211","D","61603","2012","FA","2012-01-01","2012-12-31","2011-11-16",null,null);
INSERT INTO Enrollment_T (StuID, SectionID, CourseID, Yr, Term, Midterm, Final, Add_date, Drop_date, Withdraw_date) VALUES("1699011193","E","17718","2003","FA","2003-01-01","2003-12-31","2002-11-16",null,null);
INSERT INTO Enrollment_T (StuID, SectionID, CourseID, Yr, Term, Midterm, Final, Add_date, Drop_date, Withdraw_date) VALUES("7172323415","H","08705","2001","FA","2001-01-01","2001-12-31","2000-11-16",null,null);
INSERT INTO Enrollment_T (StuID, SectionID, CourseID, Yr, Term, Midterm, Final, Add_date, Drop_date, Withdraw_date) VALUES("2226403040","E","22113","2022","SP","2022-01-01","2022-12-31","2021-11-16",null,null);
INSERT INTO Enrollment_T (StuID, SectionID, CourseID, Yr, Term, Midterm, Final, Add_date, Drop_date, Withdraw_date) VALUES("9502406211","D","03508","2000","SP","2000-01-01","2000-12-31","1999-11-16","2000-2-21",null);
INSERT INTO Enrollment_T (StuID, SectionID, CourseID, Yr, Term, Midterm, Final, Add_date, Drop_date, Withdraw_date) VALUES("4021896303","A","43622","2030","SU","2030-01-01","2030-12-31","2029-11-16",null,null);
INSERT INTO Enrollment_T (StuID, SectionID, CourseID, Yr, Term, Midterm, Final, Add_date, Drop_date, Withdraw_date) VALUES("1622922875","B","09173","2012","FA","2012-01-01","2012-12-31","2011-11-16",null,null);
INSERT INTO Enrollment_T (StuID, SectionID, CourseID, Yr, Term, Midterm, Final, Add_date, Drop_date, Withdraw_date) VALUES("4191604514","E","39170","2024","FA","2024-01-01","2024-12-31","2023-11-16",null,null);
INSERT INTO Enrollment_T (StuID, SectionID, CourseID, Yr, Term, Midterm, Final, Add_date, Drop_date, Withdraw_date) VALUES("5666987749","C","20340","2001","SU","2001-01-01","2001-12-31","2000-11-16",null,null);
INSERT INTO Enrollment_T (StuID, SectionID, CourseID, Yr, Term, Midterm, Final, Add_date, Drop_date, Withdraw_date) VALUES("8967100365","E","95069","2022","SP","2022-01-01","2022-12-31","2021-11-16",null,null);
INSERT INTO Enrollment_T (StuID, SectionID, CourseID, Yr, Term, Midterm, Final, Add_date, Drop_date, Withdraw_date) VALUES("4364257247","B","09173","2012","FA","2012-01-01","2012-12-31","2011-11-16",null,"2012-6-23");
INSERT INTO Enrollment_T (StuID, SectionID, CourseID, Yr, Term, Midterm, Final, Add_date, Drop_date, Withdraw_date) VALUES("0710375549","A","03508","2006","FA","2006-01-01","2006-12-31","2005-11-16",null,null);
INSERT INTO Enrollment_T (StuID, SectionID, CourseID, Yr, Term, Midterm, Final, Add_date, Drop_date, Withdraw_date) VALUES("1509426085","A","43622","2030","SU","2030-01-01","2030-12-31","2029-11-16",null,null);
INSERT INTO Enrollment_T (StuID, SectionID, CourseID, Yr, Term, Midterm, Final, Add_date, Drop_date, Withdraw_date) VALUES("9901755000","C","39170","2015","WI","2015-01-01","2015-12-31","2014-11-16",null,null);
INSERT INTO Enrollment_T (StuID, SectionID, CourseID, Yr, Term, Midterm, Final, Add_date, Drop_date, Withdraw_date) VALUES("5847471396","B","86580","2027","FA","2027-01-01","2027-12-31","2026-11-16",null,null);
INSERT INTO Enrollment_T (StuID, SectionID, CourseID, Yr, Term, Midterm, Final, Add_date, Drop_date, Withdraw_date) VALUES("6062989705","E","95069","2022","SP","2022-01-01","2022-12-31","2021-11-16",null,null);
INSERT INTO Enrollment_T (StuID, SectionID, CourseID, Yr, Term, Midterm, Final, Add_date, Drop_date, Withdraw_date) VALUES("6132818889","E","39170","2024","FA","2024-01-01","2024-12-31","2023-11-16",null,null);
INSERT INTO Enrollment_T (StuID, SectionID, CourseID, Yr, Term, Midterm, Final, Add_date, Drop_date, Withdraw_date) VALUES("8105867117","C","20340","2001","SU","2001-01-01","2001-12-31","2000-11-16",null,null);
INSERT INTO Enrollment_T (StuID, SectionID, CourseID, Yr, Term, Midterm, Final, Add_date, Drop_date, Withdraw_date) VALUES("8970680336","E","92749","2020","FA","2020-01-01","2020-12-31","2019-11-16",null,null);
INSERT INTO Enrollment_T (StuID, SectionID, CourseID, Yr, Term, Midterm, Final, Add_date, Drop_date, Withdraw_date) VALUES("4021896303","E","92749","2020","FA","2020-01-01","2020-12-31","2019-11-16",null,null);
INSERT INTO Enrollment_T (StuID, SectionID, CourseID, Yr, Term, Midterm, Final, Add_date, Drop_date, Withdraw_date) VALUES("1622922875","B","20340","2026","FA","2026-01-01","2026-12-31","2025-11-16",null,null);
INSERT INTO Enrollment_T (StuID, SectionID, CourseID, Yr, Term, Midterm, Final, Add_date, Drop_date, Withdraw_date) VALUES("3701255406","F","39170","2007","SP","2007-01-01","2007-12-31","2006-11-16",null,null);
INSERT INTO Enrollment_T (StuID, SectionID, CourseID, Yr, Term, Midterm, Final, Add_date, Drop_date, Withdraw_date) VALUES("4131465842","D","03508","2000","SP","2000-01-01","2000-12-31","1999-11-16",null,"2000-8-28");
INSERT INTO Enrollment_T (StuID, SectionID, CourseID, Yr, Term, Midterm, Final, Add_date, Drop_date, Withdraw_date) VALUES("7707923521","A","03508","2006","FA","2006-01-01","2006-12-31","2005-11-16",null,null);
INSERT INTO Enrollment_T (StuID, SectionID, CourseID, Yr, Term, Midterm, Final, Add_date, Drop_date, Withdraw_date) VALUES("9166493683","A","03508","2006","FA","2006-01-01","2006-12-31","2005-11-16",null,"2006-3-15");
INSERT INTO Enrollment_T (StuID, SectionID, CourseID, Yr, Term, Midterm, Final, Add_date, Drop_date, Withdraw_date) VALUES("4364257247","C","39170","2015","WI","2015-01-01","2015-12-31","2014-11-16",null,null);
INSERT INTO Enrollment_T (StuID, SectionID, CourseID, Yr, Term, Midterm, Final, Add_date, Drop_date, Withdraw_date) VALUES("2378269151","H","74880","2027","SP","2027-01-01","2027-12-31","2026-11-16",null,null);
INSERT INTO Enrollment_T (StuID, SectionID, CourseID, Yr, Term, Midterm, Final, Add_date, Drop_date, Withdraw_date) VALUES("8970680336","B","92749","2012","SP","2012-01-01","2012-12-31","2011-11-16",null,null);
INSERT INTO Enrollment_T (StuID, SectionID, CourseID, Yr, Term, Midterm, Final, Add_date, Drop_date, Withdraw_date) VALUES("5887780108","F","39170","2007","SP","2007-01-01","2007-12-31","2006-11-16",null,null);
INSERT INTO Enrollment_T (StuID, SectionID, CourseID, Yr, Term, Midterm, Final, Add_date, Drop_date, Withdraw_date) VALUES("0408850478","D","61603","2012","FA","2012-01-01","2012-12-31","2011-11-16",null,null);
INSERT INTO Enrollment_T (StuID, SectionID, CourseID, Yr, Term, Midterm, Final, Add_date, Drop_date, Withdraw_date) VALUES("1622922875","D","63136","2026","WI","2026-01-01","2026-12-31","2025-11-16",null,null);
INSERT INTO Enrollment_T (StuID, SectionID, CourseID, Yr, Term, Midterm, Final, Add_date, Drop_date, Withdraw_date) VALUES("7676620817","G","94300","2028","FA","2028-01-01","2028-12-31","2027-11-16",null,null);
INSERT INTO Enrollment_T (StuID, SectionID, CourseID, Yr, Term, Midterm, Final, Add_date, Drop_date, Withdraw_date) VALUES("9125785620","E","22113","2022","SP","2022-01-01","2022-12-31","2021-11-16",null,null);
INSERT INTO Enrollment_T (StuID, SectionID, CourseID, Yr, Term, Midterm, Final, Add_date, Drop_date, Withdraw_date) VALUES("7676620817","E","17718","2003","FA","2003-01-01","2003-12-31","2002-11-16",null,null);
INSERT INTO Enrollment_T (StuID, SectionID, CourseID, Yr, Term, Midterm, Final, Add_date, Drop_date, Withdraw_date) VALUES("5601178295","E","92749","2020","FA","2020-01-01","2020-12-31","2019-11-16",null,null);
INSERT INTO Enrollment_T (StuID, SectionID, CourseID, Yr, Term, Midterm, Final, Add_date, Drop_date, Withdraw_date) VALUES("0710375549","E","92749","2020","FA","2020-01-01","2020-12-31","2019-11-16","2020-2-26",null);
INSERT INTO Enrollment_T (StuID, SectionID, CourseID, Yr, Term, Midterm, Final, Add_date, Drop_date, Withdraw_date) VALUES("7789296966","B","20340","2026","FA","2026-01-01","2026-12-31","2025-11-16",null,null);
INSERT INTO Enrollment_T (StuID, SectionID, CourseID, Yr, Term, Midterm, Final, Add_date, Drop_date, Withdraw_date) VALUES("7172323415","H","74880","2027","SP","2027-01-01","2027-12-31","2026-11-16",null,null);
INSERT INTO Enrollment_T (StuID, SectionID, CourseID, Yr, Term, Midterm, Final, Add_date, Drop_date, Withdraw_date) VALUES("4021896303","H","08705","2001","FA","2001-01-01","2001-12-31","2000-11-16","2001-6-25",null);
INSERT INTO Enrollment_T (StuID, SectionID, CourseID, Yr, Term, Midterm, Final, Add_date, Drop_date, Withdraw_date) VALUES("5601178295","D","61603","2012","FA","2012-01-01","2012-12-31","2011-11-16","2012-2-26",null);
INSERT INTO Enrollment_T (StuID, SectionID, CourseID, Yr, Term, Midterm, Final, Add_date, Drop_date, Withdraw_date) VALUES("9519235691","A","39170","2016","FA","2016-01-01","2016-12-31","2015-11-16",null,null);
INSERT INTO Enrollment_T (StuID, SectionID, CourseID, Yr, Term, Midterm, Final, Add_date, Drop_date, Withdraw_date) VALUES("1622922875","D","92749","2006","FA","2006-01-01","2006-12-31","2005-11-16",null,null);
INSERT INTO Enrollment_T (StuID, SectionID, CourseID, Yr, Term, Midterm, Final, Add_date, Drop_date, Withdraw_date) VALUES("5887780108","C","39170","2015","WI","2015-01-01","2015-12-31","2014-11-16",null,null);

/* Major inserts */

INSERT INTO Major_T (Major_code, Descriptn, Active_, DepartmentID) VALUES("CS","Computer Science","1","CS");
INSERT INTO Major_T (Major_code, Descriptn, Active_, DepartmentID) VALUES("BU","Business","1","BU");
INSERT INTO Major_T (Major_code, Descriptn, Active_, DepartmentID) VALUES("DA","Data Analytics","1","DA");
INSERT INTO Major_T (Major_code, Descriptn, Active_, DepartmentID) VALUES("TH","Theology","0","TH");
INSERT INTO Major_T (Major_code, Descriptn, Active_, DepartmentID) VALUES("PH","Physics","1","PH");
INSERT INTO Major_T (Major_code, Descriptn, Active_, DepartmentID) VALUES("PS","Psychology","1","PS");
INSERT INTO Major_T (Major_code, Descriptn, Active_, DepartmentID) VALUES("MA","Math","1","MA");
INSERT INTO Major_T (Major_code, Descriptn, Active_, DepartmentID) VALUES("EN","English","1","EN");
INSERT INTO Major_T (Major_code, Descriptn, Active_, DepartmentID) VALUES("PL","Politics","1","PL");
INSERT INTO Major_T (Major_code, Descriptn, Active_, DepartmentID) VALUES("CJ","Criminal Justice","1","CJ");
INSERT INTO Major_T (Major_code, Descriptn, Active_, DepartmentID) VALUES("EE","Electrical Engineering","1","EE");
INSERT INTO Major_T (Major_code, Descriptn, Active_, DepartmentID) VALUES("CC","Cyber Criminology","1","CC");
INSERT INTO Major_T (Major_code, Descriptn, Active_, DepartmentID) VALUES("HI","History","1","HI");

/* Minor inserts */

INSERT INTO Minor_T (Minor_code, Descriptn, Active_, DepartmentID) VALUES("CS","Computer Science","1","CS");
INSERT INTO Minor_T (Minor_code, Descriptn, Active_, DepartmentID) VALUES("BU","Business","1","BU");
INSERT INTO Minor_T (Minor_code, Descriptn, Active_, DepartmentID) VALUES("DA","Data Analytics","1","DA");
INSERT INTO Minor_T (Minor_code, Descriptn, Active_, DepartmentID) VALUES("TH","Theology","1","TH");
INSERT INTO Minor_T (Minor_code, Descriptn, Active_, DepartmentID) VALUES("PH","Physics","1","PH");
INSERT INTO Minor_T (Minor_code, Descriptn, Active_, DepartmentID) VALUES("PS","Psychology","1","PS");
INSERT INTO Minor_T (Minor_code, Descriptn, Active_, DepartmentID) VALUES("MA","Math","1","MA");
INSERT INTO Minor_T (Minor_code, Descriptn, Active_, DepartmentID) VALUES("EN","English","1","EN");
INSERT INTO Minor_T (Minor_code, Descriptn, Active_, DepartmentID) VALUES("PL","Politics","1","PL");
INSERT INTO Minor_T (Minor_code, Descriptn, Active_, DepartmentID) VALUES("CJ","Criminal Justice","1","CJ");
INSERT INTO Minor_T (Minor_code, Descriptn, Active_, DepartmentID) VALUES("EE","Electrical Engineering","1","EE");
INSERT INTO Minor_T (Minor_code, Descriptn, Active_, DepartmentID) VALUES("CC","Cyber Criminology","0","CC");
INSERT INTO Minor_T (Minor_code, Descriptn, Active_, DepartmentID) VALUES("HI","History","1","HI");

/* Student minor inserts */

INSERT INTO Stu_min_T (StuID, Minor_code, FacID) VALUES("4021896303","DA","4229472934");
INSERT INTO Stu_min_T (StuID, Minor_code, FacID) VALUES("8105867117","PL","1290292655");
INSERT INTO Stu_min_T (StuID, Minor_code, FacID) VALUES("2283381254","PS","3128500323");
INSERT INTO Stu_min_T (StuID, Minor_code, FacID) VALUES("8105867117","CS","6070588311");
INSERT INTO Stu_min_T (StuID, Minor_code, FacID) VALUES("8147904628","MA","1042804362");
INSERT INTO Stu_min_T (StuID, Minor_code, FacID) VALUES("9662726583","TH","3691328437");
INSERT INTO Stu_min_T (StuID, Minor_code, FacID) VALUES("0795446083","PS","7637339138");
INSERT INTO Stu_min_T (StuID, Minor_code, FacID) VALUES("4021896303","PS","1452224652");
INSERT INTO Stu_min_T (StuID, Minor_code, FacID) VALUES("7172323415","HI","0714979810");
INSERT INTO Stu_min_T (StuID, Minor_code, FacID) VALUES("4144667698","PH","3405946876");
INSERT INTO Stu_min_T (StuID, Minor_code, FacID) VALUES("1350152627","HI","6224580482");
INSERT INTO Stu_min_T (StuID, Minor_code, FacID) VALUES("9502406211","HI","5960488602");
INSERT INTO Stu_min_T (StuID, Minor_code, FacID) VALUES("0408850478","CS","4229472934");
INSERT INTO Stu_min_T (StuID, Minor_code, FacID) VALUES("4021896303","CC","9155707120");
INSERT INTO Stu_min_T (StuID, Minor_code, FacID) VALUES("6132818889","TH","2695463038");
INSERT INTO Stu_min_T (StuID, Minor_code, FacID) VALUES("8147904628","HI","7637339138");
INSERT INTO Stu_min_T (StuID, Minor_code, FacID) VALUES("6379417937","EN","1452224652");
INSERT INTO Stu_min_T (StuID, Minor_code, FacID) VALUES("5666987749","PS","7002553635");
INSERT INTO Stu_min_T (StuID, Minor_code, FacID) VALUES("4021896303","CJ","0714979810");
INSERT INTO Stu_min_T (StuID, Minor_code, FacID) VALUES("4144667698","EN","9928927365");
INSERT INTO Stu_min_T (StuID, Minor_code, FacID) VALUES("9662726583","PS","3551672284");
INSERT INTO Stu_min_T (StuID, Minor_code, FacID) VALUES("0795446083","EN","6748280425");
INSERT INTO Stu_min_T (StuID, Minor_code, FacID) VALUES("4131465842","PH","4586407649");
INSERT INTO Stu_min_T (StuID, Minor_code, FacID) VALUES("9026907866","PS","2695463038");
INSERT INTO Stu_min_T (StuID, Minor_code, FacID) VALUES("8967100365","CJ","3360064142");
INSERT INTO Stu_min_T (StuID, Minor_code, FacID) VALUES("4021896303","CS","3234967784");
INSERT INTO Stu_min_T (StuID, Minor_code, FacID) VALUES("9324829019","CJ","0958867101");
INSERT INTO Stu_min_T (StuID, Minor_code, FacID) VALUES("9519235691","CS","7929155003");
INSERT INTO Stu_min_T (StuID, Minor_code, FacID) VALUES("5847471396","TH","3405946876");
INSERT INTO Stu_min_T (StuID, Minor_code, FacID) VALUES("4364257247","PS","1452224652");
INSERT INTO Stu_min_T (StuID, Minor_code, FacID) VALUES("9324829019","HI","1290292655");
INSERT INTO Stu_min_T (StuID, Minor_code, FacID) VALUES("6379417937","BU","3483936435");
INSERT INTO Stu_min_T (StuID, Minor_code, FacID) VALUES("1963235125","CJ","1311813769");
INSERT INTO Stu_min_T (StuID, Minor_code, FacID) VALUES("1404254826","EN","3551672284");
INSERT INTO Stu_min_T (StuID, Minor_code, FacID) VALUES("7933129981","EE","3360064142");
INSERT INTO Stu_min_T (StuID, Minor_code, FacID) VALUES("1761269016","EE","3922501266");
INSERT INTO Stu_min_T (StuID, Minor_code, FacID) VALUES("5192307220","TH","1290292655");
INSERT INTO Stu_min_T (StuID, Minor_code, FacID) VALUES("4021896303","PL","1474682493");
INSERT INTO Stu_min_T (StuID, Minor_code, FacID) VALUES("7933129981","PS","5960488602");
INSERT INTO Stu_min_T (StuID, Minor_code, FacID) VALUES("7172323415","EE","2383167746");
INSERT INTO Stu_min_T (StuID, Minor_code, FacID) VALUES("1509426085","CS","6748280425");
INSERT INTO Stu_min_T (StuID, Minor_code, FacID) VALUES("8967100365","CC","3898390293");
INSERT INTO Stu_min_T (StuID, Minor_code, FacID) VALUES("1963235125","PH","3260034182");
INSERT INTO Stu_min_T (StuID, Minor_code, FacID) VALUES("0710375549","PS","5156745152");
INSERT INTO Stu_min_T (StuID, Minor_code, FacID) VALUES("0408850478","EN","1516359605");
INSERT INTO Stu_min_T (StuID, Minor_code, FacID) VALUES("1761269016","PH","6831689233");
INSERT INTO Stu_min_T (StuID, Minor_code, FacID) VALUES("2226403040","PL","5960488602");
INSERT INTO Stu_min_T (StuID, Minor_code, FacID) VALUES("1963235125","CC","2159208837");
INSERT INTO Stu_min_T (StuID, Minor_code, FacID) VALUES("9502406211","PL","7002553635");
INSERT INTO Stu_min_T (StuID, Minor_code, FacID) VALUES("5887780108","PS","6748280425");
INSERT INTO Stu_min_T (StuID, Minor_code, FacID) VALUES("0408850478","BU","3247151015");
INSERT INTO Stu_min_T (StuID, Minor_code, FacID) VALUES("7933129981","TH","1042804362");
INSERT INTO Stu_min_T (StuID, Minor_code, FacID) VALUES("0710375549","PL","1617561845");
INSERT INTO Stu_min_T (StuID, Minor_code, FacID) VALUES("3772422806","TH","2159208837");
INSERT INTO Stu_min_T (StuID, Minor_code, FacID) VALUES("0408850478","PS","5960488602");
INSERT INTO Stu_min_T (StuID, Minor_code, FacID) VALUES("3772422806","HI","1311813769");
INSERT INTO Stu_min_T (StuID, Minor_code, FacID) VALUES("9502406211","CS","3974587485");
INSERT INTO Stu_min_T (StuID, Minor_code, FacID) VALUES("1525397663","MA","2510993179");
INSERT INTO Stu_min_T (StuID, Minor_code, FacID) VALUES("0760413350","CJ","4737902930");
INSERT INTO Stu_min_T (StuID, Minor_code, FacID) VALUES("5666987749","MA","9030966137");
INSERT INTO Stu_min_T (StuID, Minor_code, FacID) VALUES("4191604514","TH","3405946876");
INSERT INTO Stu_min_T (StuID, Minor_code, FacID) VALUES("4364257247","MA","2510993179");
INSERT INTO Stu_min_T (StuID, Minor_code, FacID) VALUES("5192307220","PS","3405946876");
INSERT INTO Stu_min_T (StuID, Minor_code, FacID) VALUES("5887780108","EN","7929155003");
INSERT INTO Stu_min_T (StuID, Minor_code, FacID) VALUES("4364257247","CJ","8560327938");
INSERT INTO Stu_min_T (StuID, Minor_code, FacID) VALUES("5666987749","PL","3234967784");
INSERT INTO Stu_min_T (StuID, Minor_code, FacID) VALUES("8967100365","MA","7637339138");
INSERT INTO Stu_min_T (StuID, Minor_code, FacID) VALUES("1525397663","PL","6214902719");
INSERT INTO Stu_min_T (StuID, Minor_code, FacID) VALUES("4144667698","EE","3247151015");
INSERT INTO Stu_min_T (StuID, Minor_code, FacID) VALUES("0795446083","BU","3199258807");
INSERT INTO Stu_min_T (StuID, Minor_code, FacID) VALUES("5601178295","EN","8202313883");
INSERT INTO Stu_min_T (StuID, Minor_code, FacID) VALUES("6036379329","PS","9698855275");
INSERT INTO Stu_min_T (StuID, Minor_code, FacID) VALUES("1622922875","CC","9928927365");
INSERT INTO Stu_min_T (StuID, Minor_code, FacID) VALUES("1509426085","TH","9698855275");
INSERT INTO Stu_min_T (StuID, Minor_code, FacID) VALUES("3701255406","CJ","6224580482");
INSERT INTO Stu_min_T (StuID, Minor_code, FacID) VALUES("9901755000","HI","7748603056");
INSERT INTO Stu_min_T (StuID, Minor_code, FacID) VALUES("1525397663","CS","4586407649");
INSERT INTO Stu_min_T (StuID, Minor_code, FacID) VALUES("5847471396","PS","1704902332");
INSERT INTO Stu_min_T (StuID, Minor_code, FacID) VALUES("9026907866","CJ","3551672284");
INSERT INTO Stu_min_T (StuID, Minor_code, FacID) VALUES("1761269016","PS","9928927365");
INSERT INTO Stu_min_T (StuID, Minor_code, FacID) VALUES("1622922875","HI","4737902930");
INSERT INTO Stu_min_T (StuID, Minor_code, FacID) VALUES("2378269151","CC","2695463038");
INSERT INTO Stu_min_T (StuID, Minor_code, FacID) VALUES("0408850478","HI","2383167746");
INSERT INTO Stu_min_T (StuID, Minor_code, FacID) VALUES("6666772664","CJ","3128500323");
INSERT INTO Stu_min_T (StuID, Minor_code, FacID) VALUES("5601178295","MA","7929155003");
INSERT INTO Stu_min_T (StuID, Minor_code, FacID) VALUES("2378269151","HI","7002553635");
INSERT INTO Stu_min_T (StuID, Minor_code, FacID) VALUES("7676620817","CC","3360064142");
INSERT INTO Stu_min_T (StuID, Minor_code, FacID) VALUES("0795446083","PH","6831689233");
INSERT INTO Stu_min_T (StuID, Minor_code, FacID) VALUES("7172323415","CS","0958867101");
INSERT INTO Stu_min_T (StuID, Minor_code, FacID) VALUES("5847471396","CC","3998555860");
INSERT INTO Stu_min_T (StuID, Minor_code, FacID) VALUES("0795446083","MA","7929155003");
INSERT INTO Stu_min_T (StuID, Minor_code, FacID) VALUES("2283381254","BU","1474682493");
INSERT INTO Stu_min_T (StuID, Minor_code, FacID) VALUES("1761269016","EN","3405946876");
INSERT INTO Stu_min_T (StuID, Minor_code, FacID) VALUES("8970680336","PH","2695463038");
INSERT INTO Stu_min_T (StuID, Minor_code, FacID) VALUES("5601178295","CS","8202313883");
INSERT INTO Stu_min_T (StuID, Minor_code, FacID) VALUES("4131465842","EE","1617561845");
INSERT INTO Stu_min_T (StuID, Minor_code, FacID) VALUES("0760413350","HI","3974587485");
INSERT INTO Stu_min_T (StuID, Minor_code, FacID) VALUES("1404254826","CC","1704902332");
INSERT INTO Stu_min_T (StuID, Minor_code, FacID) VALUES("1963235125","EE","1110336003");
INSERT INTO Stu_min_T (StuID, Minor_code, FacID) VALUES("9166493683","BU","6224580482");

/* Student major inserts */

INSERT INTO Stu_maj_T (StuID, Major_code, FacID) VALUES("8970680336","MA","9030966137");
INSERT INTO Stu_maj_T (StuID, Major_code, FacID) VALUES("4191604514","CJ","0714979810");
INSERT INTO Stu_maj_T (StuID, Major_code, FacID) VALUES("9166493683","DA","2159208837");
INSERT INTO Stu_maj_T (StuID, Major_code, FacID) VALUES("5847471396","EE","6070588311");
INSERT INTO Stu_maj_T (StuID, Major_code, FacID) VALUES("4191604514","PL","2695463038");
INSERT INTO Stu_maj_T (StuID, Major_code, FacID) VALUES("4144667698","CS","4586407649");
INSERT INTO Stu_maj_T (StuID, Major_code, FacID) VALUES("6132818889","CS","4586407649");
INSERT INTO Stu_maj_T (StuID, Major_code, FacID) VALUES("1404254826","CS","3199258807");
INSERT INTO Stu_maj_T (StuID, Major_code, FacID) VALUES("1761269016","EE","3974587485");
INSERT INTO Stu_maj_T (StuID, Major_code, FacID) VALUES("9166493683","PS","3405946876");
INSERT INTO Stu_maj_T (StuID, Major_code, FacID) VALUES("7933129981","MA","6831689233");
INSERT INTO Stu_maj_T (StuID, Major_code, FacID) VALUES("7172323415","TH","8560327938");
INSERT INTO Stu_maj_T (StuID, Major_code, FacID) VALUES("4131465842","DA","3128500323");
INSERT INTO Stu_maj_T (StuID, Major_code, FacID) VALUES("3772422806","HI","3691328437");
INSERT INTO Stu_maj_T (StuID, Major_code, FacID) VALUES("9519235691","PS","1516359605");
INSERT INTO Stu_maj_T (StuID, Major_code, FacID) VALUES("5922332986","PL","7748603056");
INSERT INTO Stu_maj_T (StuID, Major_code, FacID) VALUES("1404254826","PS","4586407649");
INSERT INTO Stu_maj_T (StuID, Major_code, FacID) VALUES("1761269016","BU","1474682493");
INSERT INTO Stu_maj_T (StuID, Major_code, FacID) VALUES("8147904628","CS","6831689233");
INSERT INTO Stu_maj_T (StuID, Major_code, FacID) VALUES("7676620817","TH","0958867101");
INSERT INTO Stu_maj_T (StuID, Major_code, FacID) VALUES("2226403040","CJ","7929155003");
INSERT INTO Stu_maj_T (StuID, Major_code, FacID) VALUES("0795446083","CJ","6748280425");
INSERT INTO Stu_maj_T (StuID, Major_code, FacID) VALUES("0710375549","MA","7637339138");
INSERT INTO Stu_maj_T (StuID, Major_code, FacID) VALUES("3772422806","EN","1617561845");
INSERT INTO Stu_maj_T (StuID, Major_code, FacID) VALUES("1509426085","CC","3974587485");
INSERT INTO Stu_maj_T (StuID, Major_code, FacID) VALUES("9519235691","TH","2510993179");
INSERT INTO Stu_maj_T (StuID, Major_code, FacID) VALUES("4144667698","PH","3998555860");
INSERT INTO Stu_maj_T (StuID, Major_code, FacID) VALUES("7933129981","CC","4229472934");
INSERT INTO Stu_maj_T (StuID, Major_code, FacID) VALUES("9166493683","EE","4737902930");
INSERT INTO Stu_maj_T (StuID, Major_code, FacID) VALUES("4364257247","DA","6070588311");
INSERT INTO Stu_maj_T (StuID, Major_code, FacID) VALUES("1963235125","EE","6214902719");
INSERT INTO Stu_maj_T (StuID, Major_code, FacID) VALUES("1525397663","BU","6748280425");
INSERT INTO Stu_maj_T (StuID, Major_code, FacID) VALUES("7707923521","BU","9698855275");
INSERT INTO Stu_maj_T (StuID, Major_code, FacID) VALUES("9324829019","CS","5960488602");
INSERT INTO Stu_maj_T (StuID, Major_code, FacID) VALUES("2226403040","CS","9155707120");
INSERT INTO Stu_maj_T (StuID, Major_code, FacID) VALUES("9324829019","DA","6748280425");
INSERT INTO Stu_maj_T (StuID, Major_code, FacID) VALUES("6062989705","CS","7929155003");
INSERT INTO Stu_maj_T (StuID, Major_code, FacID) VALUES("9662726583","EE","6070588311");
INSERT INTO Stu_maj_T (StuID, Major_code, FacID) VALUES("9026907866","MA","7002553635");
INSERT INTO Stu_maj_T (StuID, Major_code, FacID) VALUES("2283381254","CC","3247151015");
INSERT INTO Stu_maj_T (StuID, Major_code, FacID) VALUES("9026907866","EE","9030966137");
INSERT INTO Stu_maj_T (StuID, Major_code, FacID) VALUES("9125785620","PL","7002553635");
INSERT INTO Stu_maj_T (StuID, Major_code, FacID) VALUES("6062989705","CJ","6070588311");
INSERT INTO Stu_maj_T (StuID, Major_code, FacID) VALUES("0408850478","BU","8560327938");
INSERT INTO Stu_maj_T (StuID, Major_code, FacID) VALUES("4364257247","TH","5960488602");
INSERT INTO Stu_maj_T (StuID, Major_code, FacID) VALUES("5847471396","DA","8202313883");
INSERT INTO Stu_maj_T (StuID, Major_code, FacID) VALUES("5666987749","EE","3247151015");
INSERT INTO Stu_maj_T (StuID, Major_code, FacID) VALUES("3701255406","CS","6224580482");
INSERT INTO Stu_maj_T (StuID, Major_code, FacID) VALUES("7676620817","CS","2159208837");
INSERT INTO Stu_maj_T (StuID, Major_code, FacID) VALUES("5601178295","PL","7002553635");
INSERT INTO Stu_maj_T (StuID, Major_code, FacID) VALUES("7789296966","CC","8560327938");
INSERT INTO Stu_maj_T (StuID, Major_code, FacID) VALUES("6036379329","CS","6748280425");
INSERT INTO Stu_maj_T (StuID, Major_code, FacID) VALUES("8967100365","PS","1110336003");
INSERT INTO Stu_maj_T (StuID, Major_code, FacID) VALUES("7707923521","CC","3974587485");
INSERT INTO Stu_maj_T (StuID, Major_code, FacID) VALUES("9519235691","MA","9155707120");
INSERT INTO Stu_maj_T (StuID, Major_code, FacID) VALUES("7707923521","EN","4229472934");
INSERT INTO Stu_maj_T (StuID, Major_code, FacID) VALUES("9026907866","HI","6224580482");
INSERT INTO Stu_maj_T (StuID, Major_code, FacID) VALUES("2378269151","HI","1704902332");
INSERT INTO Stu_maj_T (StuID, Major_code, FacID) VALUES("1350152627","TH","1516359605");
INSERT INTO Stu_maj_T (StuID, Major_code, FacID) VALUES("6036379329","EN","1311813769");
INSERT INTO Stu_maj_T (StuID, Major_code, FacID) VALUES("5922332986","CJ","7929155003");
INSERT INTO Stu_maj_T (StuID, Major_code, FacID) VALUES("1404254826","MA","3998555860");
INSERT INTO Stu_maj_T (StuID, Major_code, FacID) VALUES("1525397663","MA","7002553635");
INSERT INTO Stu_maj_T (StuID, Major_code, FacID) VALUES("7707923521","EE","6831689233");
INSERT INTO Stu_maj_T (StuID, Major_code, FacID) VALUES("3701255406","HI","3898390293");
INSERT INTO Stu_maj_T (StuID, Major_code, FacID) VALUES("7789296966","EE","3260034182");
INSERT INTO Stu_maj_T (StuID, Major_code, FacID) VALUES("7676620817","PL","0958867101");
INSERT INTO Stu_maj_T (StuID, Major_code, FacID) VALUES("7707923521","CS","3260034182");
INSERT INTO Stu_maj_T (StuID, Major_code, FacID) VALUES("2378269151","BU","1474682493");
INSERT INTO Stu_maj_T (StuID, Major_code, FacID) VALUES("7789296966","CS","0958867101");
INSERT INTO Stu_maj_T (StuID, Major_code, FacID) VALUES("2378269151","CS","6224580482");
INSERT INTO Stu_maj_T (StuID, Major_code, FacID) VALUES("5922332986","EN","3405946876");
INSERT INTO Stu_maj_T (StuID, Major_code, FacID) VALUES("9901755000","CJ","3199258807");
INSERT INTO Stu_maj_T (StuID, Major_code, FacID) VALUES("4364257247","PH","3405946876");
INSERT INTO Stu_maj_T (StuID, Major_code, FacID) VALUES("1761269016","TH","1704902332");
INSERT INTO Stu_maj_T (StuID, Major_code, FacID) VALUES("5666987749","BU","1704902332");
INSERT INTO Stu_maj_T (StuID, Major_code, FacID) VALUES("5192307220","CC","5960488602");
INSERT INTO Stu_maj_T (StuID, Major_code, FacID) VALUES("9901755000","EN","3922501266");
INSERT INTO Stu_maj_T (StuID, Major_code, FacID) VALUES("0710375549","PL","6748280425");
INSERT INTO Stu_maj_T (StuID, Major_code, FacID) VALUES("6132818889","DA","7929155003");
INSERT INTO Stu_maj_T (StuID, Major_code, FacID) VALUES("9125785620","HI","5156745152");
INSERT INTO Stu_maj_T (StuID, Major_code, FacID) VALUES("9662726583","PL","0714979810");
INSERT INTO Stu_maj_T (StuID, Major_code, FacID) VALUES("5601178295","CS","6214902719");
INSERT INTO Stu_maj_T (StuID, Major_code, FacID) VALUES("9901755000","DA","2159208837");
INSERT INTO Stu_maj_T (StuID, Major_code, FacID) VALUES("9125785620","EE","0668971580");
INSERT INTO Stu_maj_T (StuID, Major_code, FacID) VALUES("3772422806","MA","4586407649");
INSERT INTO Stu_maj_T (StuID, Major_code, FacID) VALUES("1509426085","DA","3360064142");
INSERT INTO Stu_maj_T (StuID, Major_code, FacID) VALUES("0760413350","CC","3998555860");
INSERT INTO Stu_maj_T (StuID, Major_code, FacID) VALUES("9026907866","CC","3360064142");
INSERT INTO Stu_maj_T (StuID, Major_code, FacID) VALUES("6132818889","TH","5156745152");
INSERT INTO Stu_maj_T (StuID, Major_code, FacID) VALUES("7789296966","BU","1474682493");
INSERT INTO Stu_maj_T (StuID, Major_code, FacID) VALUES("2226403040","PL","3234967784");
INSERT INTO Stu_maj_T (StuID, Major_code, FacID) VALUES("9324829019","CC","3128500323");
INSERT INTO Stu_maj_T (StuID, Major_code, FacID) VALUES("8967100365","PH","6831689233");
INSERT INTO Stu_maj_T (StuID, Major_code, FacID) VALUES("3701255406","BU","7748603056");
INSERT INTO Stu_maj_T (StuID, Major_code, FacID) VALUES("7707923521","PL","0668971580");
INSERT INTO Stu_maj_T (StuID, Major_code, FacID) VALUES("8105867117","HI","9155707120");
INSERT INTO Stu_maj_T (StuID, Major_code, FacID) VALUES("0795446083","CS","2510993179");
INSERT INTO Stu_maj_T (StuID, Major_code, FacID) VALUES("0760413350","CS","8560327938");
INSERT INTO Stu_maj_T (StuID, Major_code, FacID) VALUES("1525397663","EE","7637339138");
