/* To view the code used for the creation of 
data please see: https://github.com/alec-grace/lcc_loader */

use agrace072; 

/* Country inserts */

INSERT INTO agrace072.Country_T SELECT * FROM aalbina.country_tbl;

/* State inserts */

INSERT INTO agrace072.State_T SELECT * FROM aalbina.st_tbl;

/* Department inserts */

INSERT INTO Department_T VALUES("CS","Computer Science","1");
INSERT INTO Department_T VALUES("BU","Business","1");
INSERT INTO Department_T VALUES("DA","Data Analytics","0");
INSERT INTO Department_T VALUES("TH","Theology","1");
INSERT INTO Department_T VALUES("PH","Physics","1");
INSERT INTO Department_T VALUES("PS","Psychology","1");
INSERT INTO Department_T VALUES("MA","Math","1");
INSERT INTO Department_T VALUES("EN","English","1");
INSERT INTO Department_T VALUES("PL","Politics","1");
INSERT INTO Department_T VALUES("CJ","Criminal Justice","1");
INSERT INTO Department_T VALUES("EE","Electrical Engineering","1");
INSERT INTO Department_T VALUES("CC","Cyber Criminology","1");
INSERT INTO Department_T VALUES("HI","History","1");

/* Calendar inserts */

INSERT INTO Calendar_T VALUES("2000","FA","2000-01-01","2000-12-31");
INSERT INTO Calendar_T VALUES("2000","WI","2000-01-01","2000-12-31");
INSERT INTO Calendar_T VALUES("2000","SP","2000-01-01","2000-12-31");
INSERT INTO Calendar_T VALUES("2000","SU","2000-01-01","2000-12-31");
INSERT INTO Calendar_T VALUES("2001","FA","2001-01-01","2001-12-31");
INSERT INTO Calendar_T VALUES("2001","WI","2001-01-01","2001-12-31");
INSERT INTO Calendar_T VALUES("2001","SP","2001-01-01","2001-12-31");
INSERT INTO Calendar_T VALUES("2001","SU","2001-01-01","2001-12-31");
INSERT INTO Calendar_T VALUES("2002","FA","2002-01-01","2002-12-31");
INSERT INTO Calendar_T VALUES("2002","WI","2002-01-01","2002-12-31");
INSERT INTO Calendar_T VALUES("2002","SP","2002-01-01","2002-12-31");
INSERT INTO Calendar_T VALUES("2002","SU","2002-01-01","2002-12-31");
INSERT INTO Calendar_T VALUES("2003","FA","2003-01-01","2003-12-31");
INSERT INTO Calendar_T VALUES("2003","WI","2003-01-01","2003-12-31");
INSERT INTO Calendar_T VALUES("2003","SP","2003-01-01","2003-12-31");
INSERT INTO Calendar_T VALUES("2003","SU","2003-01-01","2003-12-31");
INSERT INTO Calendar_T VALUES("2004","FA","2004-01-01","2004-12-31");
INSERT INTO Calendar_T VALUES("2004","WI","2004-01-01","2004-12-31");
INSERT INTO Calendar_T VALUES("2004","SP","2004-01-01","2004-12-31");
INSERT INTO Calendar_T VALUES("2004","SU","2004-01-01","2004-12-31");
INSERT INTO Calendar_T VALUES("2005","FA","2005-01-01","2005-12-31");
INSERT INTO Calendar_T VALUES("2005","WI","2005-01-01","2005-12-31");
INSERT INTO Calendar_T VALUES("2005","SP","2005-01-01","2005-12-31");
INSERT INTO Calendar_T VALUES("2005","SU","2005-01-01","2005-12-31");
INSERT INTO Calendar_T VALUES("2006","FA","2006-01-01","2006-12-31");
INSERT INTO Calendar_T VALUES("2006","WI","2006-01-01","2006-12-31");
INSERT INTO Calendar_T VALUES("2006","SP","2006-01-01","2006-12-31");
INSERT INTO Calendar_T VALUES("2006","SU","2006-01-01","2006-12-31");
INSERT INTO Calendar_T VALUES("2007","FA","2007-01-01","2007-12-31");
INSERT INTO Calendar_T VALUES("2007","WI","2007-01-01","2007-12-31");
INSERT INTO Calendar_T VALUES("2007","SP","2007-01-01","2007-12-31");
INSERT INTO Calendar_T VALUES("2007","SU","2007-01-01","2007-12-31");
INSERT INTO Calendar_T VALUES("2008","FA","2008-01-01","2008-12-31");
INSERT INTO Calendar_T VALUES("2008","WI","2008-01-01","2008-12-31");
INSERT INTO Calendar_T VALUES("2008","SP","2008-01-01","2008-12-31");
INSERT INTO Calendar_T VALUES("2008","SU","2008-01-01","2008-12-31");
INSERT INTO Calendar_T VALUES("2009","FA","2009-01-01","2009-12-31");
INSERT INTO Calendar_T VALUES("2009","WI","2009-01-01","2009-12-31");
INSERT INTO Calendar_T VALUES("2009","SP","2009-01-01","2009-12-31");
INSERT INTO Calendar_T VALUES("2009","SU","2009-01-01","2009-12-31");
INSERT INTO Calendar_T VALUES("2010","FA","2010-01-01","2010-12-31");
INSERT INTO Calendar_T VALUES("2010","WI","2010-01-01","2010-12-31");
INSERT INTO Calendar_T VALUES("2010","SP","2010-01-01","2010-12-31");
INSERT INTO Calendar_T VALUES("2010","SU","2010-01-01","2010-12-31");
INSERT INTO Calendar_T VALUES("2011","FA","2011-01-01","2011-12-31");
INSERT INTO Calendar_T VALUES("2011","WI","2011-01-01","2011-12-31");
INSERT INTO Calendar_T VALUES("2011","SP","2011-01-01","2011-12-31");
INSERT INTO Calendar_T VALUES("2011","SU","2011-01-01","2011-12-31");
INSERT INTO Calendar_T VALUES("2012","FA","2012-01-01","2012-12-31");
INSERT INTO Calendar_T VALUES("2012","WI","2012-01-01","2012-12-31");
INSERT INTO Calendar_T VALUES("2012","SP","2012-01-01","2012-12-31");
INSERT INTO Calendar_T VALUES("2012","SU","2012-01-01","2012-12-31");
INSERT INTO Calendar_T VALUES("2013","FA","2013-01-01","2013-12-31");
INSERT INTO Calendar_T VALUES("2013","WI","2013-01-01","2013-12-31");
INSERT INTO Calendar_T VALUES("2013","SP","2013-01-01","2013-12-31");
INSERT INTO Calendar_T VALUES("2013","SU","2013-01-01","2013-12-31");
INSERT INTO Calendar_T VALUES("2014","FA","2014-01-01","2014-12-31");
INSERT INTO Calendar_T VALUES("2014","WI","2014-01-01","2014-12-31");
INSERT INTO Calendar_T VALUES("2014","SP","2014-01-01","2014-12-31");
INSERT INTO Calendar_T VALUES("2014","SU","2014-01-01","2014-12-31");
INSERT INTO Calendar_T VALUES("2015","FA","2015-01-01","2015-12-31");
INSERT INTO Calendar_T VALUES("2015","WI","2015-01-01","2015-12-31");
INSERT INTO Calendar_T VALUES("2015","SP","2015-01-01","2015-12-31");
INSERT INTO Calendar_T VALUES("2015","SU","2015-01-01","2015-12-31");
INSERT INTO Calendar_T VALUES("2016","FA","2016-01-01","2016-12-31");
INSERT INTO Calendar_T VALUES("2016","WI","2016-01-01","2016-12-31");
INSERT INTO Calendar_T VALUES("2016","SP","2016-01-01","2016-12-31");
INSERT INTO Calendar_T VALUES("2016","SU","2016-01-01","2016-12-31");
INSERT INTO Calendar_T VALUES("2017","FA","2017-01-01","2017-12-31");
INSERT INTO Calendar_T VALUES("2017","WI","2017-01-01","2017-12-31");
INSERT INTO Calendar_T VALUES("2017","SP","2017-01-01","2017-12-31");
INSERT INTO Calendar_T VALUES("2017","SU","2017-01-01","2017-12-31");
INSERT INTO Calendar_T VALUES("2018","FA","2018-01-01","2018-12-31");
INSERT INTO Calendar_T VALUES("2018","WI","2018-01-01","2018-12-31");
INSERT INTO Calendar_T VALUES("2018","SP","2018-01-01","2018-12-31");
INSERT INTO Calendar_T VALUES("2018","SU","2018-01-01","2018-12-31");
INSERT INTO Calendar_T VALUES("2019","FA","2019-01-01","2019-12-31");
INSERT INTO Calendar_T VALUES("2019","WI","2019-01-01","2019-12-31");
INSERT INTO Calendar_T VALUES("2019","SP","2019-01-01","2019-12-31");
INSERT INTO Calendar_T VALUES("2019","SU","2019-01-01","2019-12-31");
INSERT INTO Calendar_T VALUES("2020","FA","2020-01-01","2020-12-31");
INSERT INTO Calendar_T VALUES("2020","WI","2020-01-01","2020-12-31");
INSERT INTO Calendar_T VALUES("2020","SP","2020-01-01","2020-12-31");
INSERT INTO Calendar_T VALUES("2020","SU","2020-01-01","2020-12-31");
INSERT INTO Calendar_T VALUES("2021","FA","2021-01-01","2021-12-31");
INSERT INTO Calendar_T VALUES("2021","WI","2021-01-01","2021-12-31");
INSERT INTO Calendar_T VALUES("2021","SP","2021-01-01","2021-12-31");
INSERT INTO Calendar_T VALUES("2021","SU","2021-01-01","2021-12-31");
INSERT INTO Calendar_T VALUES("2022","FA","2022-01-01","2022-12-31");
INSERT INTO Calendar_T VALUES("2022","WI","2022-01-01","2022-12-31");
INSERT INTO Calendar_T VALUES("2022","SP","2022-01-01","2022-12-31");
INSERT INTO Calendar_T VALUES("2022","SU","2022-01-01","2022-12-31");
INSERT INTO Calendar_T VALUES("2023","FA","2023-01-01","2023-12-31");
INSERT INTO Calendar_T VALUES("2023","WI","2023-01-01","2023-12-31");
INSERT INTO Calendar_T VALUES("2023","SP","2023-01-01","2023-12-31");
INSERT INTO Calendar_T VALUES("2023","SU","2023-01-01","2023-12-31");
INSERT INTO Calendar_T VALUES("2024","FA","2024-01-01","2024-12-31");
INSERT INTO Calendar_T VALUES("2024","WI","2024-01-01","2024-12-31");
INSERT INTO Calendar_T VALUES("2024","SP","2024-01-01","2024-12-31");
INSERT INTO Calendar_T VALUES("2024","SU","2024-01-01","2024-12-31");
INSERT INTO Calendar_T VALUES("2025","FA","2025-01-01","2025-12-31");
INSERT INTO Calendar_T VALUES("2025","WI","2025-01-01","2025-12-31");
INSERT INTO Calendar_T VALUES("2025","SP","2025-01-01","2025-12-31");
INSERT INTO Calendar_T VALUES("2025","SU","2025-01-01","2025-12-31");
INSERT INTO Calendar_T VALUES("2026","FA","2026-01-01","2026-12-31");
INSERT INTO Calendar_T VALUES("2026","WI","2026-01-01","2026-12-31");
INSERT INTO Calendar_T VALUES("2026","SP","2026-01-01","2026-12-31");
INSERT INTO Calendar_T VALUES("2026","SU","2026-01-01","2026-12-31");
INSERT INTO Calendar_T VALUES("2027","FA","2027-01-01","2027-12-31");
INSERT INTO Calendar_T VALUES("2027","WI","2027-01-01","2027-12-31");
INSERT INTO Calendar_T VALUES("2027","SP","2027-01-01","2027-12-31");
INSERT INTO Calendar_T VALUES("2027","SU","2027-01-01","2027-12-31");
INSERT INTO Calendar_T VALUES("2028","FA","2028-01-01","2028-12-31");
INSERT INTO Calendar_T VALUES("2028","WI","2028-01-01","2028-12-31");
INSERT INTO Calendar_T VALUES("2028","SP","2028-01-01","2028-12-31");
INSERT INTO Calendar_T VALUES("2028","SU","2028-01-01","2028-12-31");
INSERT INTO Calendar_T VALUES("2029","FA","2029-01-01","2029-12-31");
INSERT INTO Calendar_T VALUES("2029","WI","2029-01-01","2029-12-31");
INSERT INTO Calendar_T VALUES("2029","SP","2029-01-01","2029-12-31");
INSERT INTO Calendar_T VALUES("2029","SU","2029-01-01","2029-12-31");
INSERT INTO Calendar_T VALUES("2030","FA","2030-01-01","2030-12-31");
INSERT INTO Calendar_T VALUES("2030","WI","2030-01-01","2030-12-31");
INSERT INTO Calendar_T VALUES("2030","SP","2030-01-01","2030-12-31");
INSERT INTO Calendar_T VALUES("2030","SU","2030-01-01","2030-12-31");


/* Building inserts */

INSERT INTO Building_T VALUES("0097","Bruce Hall","1");
INSERT INTO Building_T VALUES("4459","Hall Hall","1");
INSERT INTO Building_T VALUES("9083","Stewart Hall","1");
INSERT INTO Building_T VALUES("3489","Heath Hall","1");
INSERT INTO Building_T VALUES("5247","Cordero Hall","1");
INSERT INTO Building_T VALUES("5633","Crow Hall","1");
INSERT INTO Building_T VALUES("9487","Sudderth Hall","1");
INSERT INTO Building_T VALUES("5308","Hayes Hall","1");
INSERT INTO Building_T VALUES("5492","Moss Hall","1");
INSERT INTO Building_T VALUES("7593","Gullo Hall","1");

/* Room inserts */

INSERT INTO Room_T VALUES("368004","9487","27","1","1","1","1");
INSERT INTO Room_T VALUES("761091","3489","13","0","1","1","1");
INSERT INTO Room_T VALUES("460513","0097","41","1","1","1","1");
INSERT INTO Room_T VALUES("510088","9083","17","1","1","0","0");
INSERT INTO Room_T VALUES("701983","5308","27","1","1","1","1");
INSERT INTO Room_T VALUES("787724","5247","35","1","1","1","1");
INSERT INTO Room_T VALUES("453191","5492","17","0","1","1","1");
INSERT INTO Room_T VALUES("215785","0097","38","1","1","1","1");
INSERT INTO Room_T VALUES("887550","5492","34","1","1","0","1");
INSERT INTO Room_T VALUES("257411","5492","35","1","0","1","1");
INSERT INTO Room_T VALUES("595550","7593","15","0","0","0","1");
INSERT INTO Room_T VALUES("122116","3489","25","1","1","0","1");
INSERT INTO Room_T VALUES("966579","7593","35","0","1","1","1");
INSERT INTO Room_T VALUES("892531","5247","22","1","1","1","1");
INSERT INTO Room_T VALUES("364765","3489","11","1","1","1","1");
INSERT INTO Room_T VALUES("155066","3489","15","1","0","1","1");
INSERT INTO Room_T VALUES("637639","4459","14","0","1","0","1");
INSERT INTO Room_T VALUES("650356","5633","18","1","1","0","1");
INSERT INTO Room_T VALUES("833438","5633","40","1","1","1","1");
INSERT INTO Room_T VALUES("541271","3489","23","1","1","1","1");
INSERT INTO Room_T VALUES("881415","5308","39","1","1","1","1");
INSERT INTO Room_T VALUES("776444","4459","45","1","1","0","1");
INSERT INTO Room_T VALUES("017234","7593","30","1","1","1","1");
INSERT INTO Room_T VALUES("705824","5633","38","1","0","1","1");
INSERT INTO Room_T VALUES("817792","3489","12","1","1","0","1");
INSERT INTO Room_T VALUES("338299","7593","50","1","0","1","1");
INSERT INTO Room_T VALUES("931637","4459","10","0","1","1","1");
INSERT INTO Room_T VALUES("683773","7593","11","1","1","1","1");
INSERT INTO Room_T VALUES("354009","5247","10","1","1","1","1");
INSERT INTO Room_T VALUES("033846","5247","47","1","1","1","0");
INSERT INTO Room_T VALUES("961310","5633","25","1","1","1","1");
INSERT INTO Room_T VALUES("731061","9083","29","1","1","1","1");
INSERT INTO Room_T VALUES("563062","5247","27","0","1","1","1");
INSERT INTO Room_T VALUES("684958","4459","44","0","1","1","0");
INSERT INTO Room_T VALUES("585275","7593","28","1","1","1","1");
INSERT INTO Room_T VALUES("885351","9083","25","0","1","1","1");
INSERT INTO Room_T VALUES("900109","7593","10","1","0","1","1");
INSERT INTO Room_T VALUES("049735","4459","19","1","1","1","1");
INSERT INTO Room_T VALUES("515974","5492","29","1","0","1","1");
INSERT INTO Room_T VALUES("030269","0097","16","1","0","1","1");
INSERT INTO Room_T VALUES("607954","5492","35","0","1","0","1");
INSERT INTO Room_T VALUES("722406","3489","13","1","0","1","1");
INSERT INTO Room_T VALUES("778477","5492","10","1","0","1","1");
INSERT INTO Room_T VALUES("034372","9487","27","1","1","1","0");
INSERT INTO Room_T VALUES("060742","4459","43","0","1","1","1");
INSERT INTO Room_T VALUES("552577","5247","13","1","1","1","1");
INSERT INTO Room_T VALUES("853228","7593","22","1","0","0","1");
INSERT INTO Room_T VALUES("882655","5308","32","0","1","0","1");
INSERT INTO Room_T VALUES("807277","5633","47","1","1","1","1");
INSERT INTO Room_T VALUES("340600","0097","20","1","1","0","1");
INSERT INTO Room_T VALUES("763956","7593","18","1","1","1","1");
INSERT INTO Room_T VALUES("186571","5633","46","1","1","1","1");
INSERT INTO Room_T VALUES("810018","5308","45","0","1","1","1");
INSERT INTO Room_T VALUES("679633","4459","19","1","1","1","1");
INSERT INTO Room_T VALUES("663889","9487","28","1","1","0","1");
INSERT INTO Room_T VALUES("064784","9487","39","1","1","1","1");
INSERT INTO Room_T VALUES("160094","9487","14","1","1","1","1");
INSERT INTO Room_T VALUES("296562","0097","12","1","1","0","1");
INSERT INTO Room_T VALUES("158880","5633","16","1","1","1","1");
INSERT INTO Room_T VALUES("490948","7593","48","1","0","1","1");
INSERT INTO Room_T VALUES("473113","4459","10","1","1","1","0");
INSERT INTO Room_T VALUES("778237","5308","10","1","1","1","1");
INSERT INTO Room_T VALUES("558830","7593","43","1","0","1","1");
INSERT INTO Room_T VALUES("653767","7593","30","1","1","0","1");
INSERT INTO Room_T VALUES("867485","7593","35","1","1","0","1");
INSERT INTO Room_T VALUES("226896","0097","28","1","1","1","0");
INSERT INTO Room_T VALUES("973735","3489","19","1","1","1","1");
INSERT INTO Room_T VALUES("699541","7593","40","0","1","0","0");
INSERT INTO Room_T VALUES("056481","5492","33","1","0","0","1");
INSERT INTO Room_T VALUES("069606","7593","31","1","0","0","1");
INSERT INTO Room_T VALUES("753452","5247","45","1","0","1","0");
INSERT INTO Room_T VALUES("241369","9083","28","1","1","0","1");
INSERT INTO Room_T VALUES("530849","5492","36","1","1","1","0");
INSERT INTO Room_T VALUES("419978","7593","23","1","0","0","1");
INSERT INTO Room_T VALUES("413780","7593","33","1","1","1","1");
INSERT INTO Room_T VALUES("844649","3489","44","1","1","1","1");
INSERT INTO Room_T VALUES("950211","9083","22","1","1","1","1");
INSERT INTO Room_T VALUES("596420","9487","16","0","1","0","1");
INSERT INTO Room_T VALUES("998042","4459","17","0","1","1","1");
INSERT INTO Room_T VALUES("532007","5492","10","1","1","1","1");
INSERT INTO Room_T VALUES("562694","9487","12","1","1","1","1");
INSERT INTO Room_T VALUES("661467","5247","43","1","1","1","1");
INSERT INTO Room_T VALUES("873273","9083","25","1","1","0","1");
INSERT INTO Room_T VALUES("905483","5492","46","1","0","0","1");
INSERT INTO Room_T VALUES("923270","5492","34","1","1","1","1");
INSERT INTO Room_T VALUES("406928","5633","44","1","1","1","1");
INSERT INTO Room_T VALUES("749940","9487","28","1","1","1","0");
INSERT INTO Room_T VALUES("314394","3489","22","1","1","0","1");
INSERT INTO Room_T VALUES("433541","9487","20","1","0","1","1");
INSERT INTO Room_T VALUES("720448","3489","22","1","0","1","1");
INSERT INTO Room_T VALUES("441840","3489","43","1","1","0","1");
INSERT INTO Room_T VALUES("661677","5247","31","0","1","1","1");
INSERT INTO Room_T VALUES("926906","9487","29","1","1","0","1");
INSERT INTO Room_T VALUES("679558","5308","26","1","1","0","1");
INSERT INTO Room_T VALUES("518864","5308","11","0","1","0","1");
INSERT INTO Room_T VALUES("303062","5633","43","1","1","1","1");
INSERT INTO Room_T VALUES("898767","3489","49","1","0","0","1");
INSERT INTO Room_T VALUES("459703","9487","42","0","1","1","1");
INSERT INTO Room_T VALUES("134610","5308","11","1","1","1","1");
INSERT INTO Room_T VALUES("957435","0097","43","1","1","1","1");

/* Course inserts */

INSERT INTO Course_T VALUES("52972","EE","temporary title","5.5","1");
INSERT INTO Course_T VALUES("95942","CJ","temporary title","4.0","1");
INSERT INTO Course_T VALUES("81342","CC","temporary title","3.0","1");
INSERT INTO Course_T VALUES("10172","TH","temporary title","6.5","0");
INSERT INTO Course_T VALUES("12015","PS","temporary title","3.0","1");
INSERT INTO Course_T VALUES("47599","TH","temporary title","7.0","1");
INSERT INTO Course_T VALUES("14805","TH","temporary title","5.5","1");
INSERT INTO Course_T VALUES("26764","PH","temporary title","7.0","1");
INSERT INTO Course_T VALUES("54386","PH","temporary title","2.0","1");
INSERT INTO Course_T VALUES("94364","TH","temporary title","8.0","1");
INSERT INTO Course_T VALUES("21058","HI","temporary title","8.0","1");
INSERT INTO Course_T VALUES("87552","HI","temporary title","8.0","1");
INSERT INTO Course_T VALUES("32581","BU","temporary title","6.0","1");
INSERT INTO Course_T VALUES("46370","CC","temporary title","5.0","1");
INSERT INTO Course_T VALUES("56869","DA","temporary title","3.0","1");
INSERT INTO Course_T VALUES("56455","BU","temporary title","3.0","1");
INSERT INTO Course_T VALUES("47688","CS","temporary title","3.0","1");
INSERT INTO Course_T VALUES("82636","PH","temporary title","8.0","0");
INSERT INTO Course_T VALUES("60970","CS","temporary title","6.0","1");
INSERT INTO Course_T VALUES("62334","PS","temporary title","2.0","1");
INSERT INTO Course_T VALUES("67424","CC","temporary title","4.5","1");
INSERT INTO Course_T VALUES("33454","EN","temporary title","4.0","1");
INSERT INTO Course_T VALUES("08580","EE","temporary title","4.5","1");
INSERT INTO Course_T VALUES("33819","PH","temporary title","6.5","1");
INSERT INTO Course_T VALUES("89632","PS","temporary title","8.0","1");
INSERT INTO Course_T VALUES("09328","PS","temporary title","7.0","1");
INSERT INTO Course_T VALUES("43319","PH","temporary title","3.0","1");
INSERT INTO Course_T VALUES("89832","HI","temporary title","6.0","1");
INSERT INTO Course_T VALUES("71097","HI","temporary title","8.5","0");
INSERT INTO Course_T VALUES("91199","DA","temporary title","4.0","0");

/* Student inserts */

INSERT INTO Student_T VALUES("3869569751","Roberto","Wright","1992","1992","1985-12-22","m","7321 Mary Jo Avenue","","Panama City","32409","9769906109","","873Roberto94Wright@hotmail.org","","US","FL");
INSERT INTO Student_T VALUES("5161774509","Pauline","Mcguire","2004","2007","1986-09-18","f","6 Little Country Place","","Savannah","31406","7752024103","","156Mcguire805@bing.net","","US","GA");
INSERT INTO Student_T VALUES("9678442869","Martha","Wilkinson","2009","2012","2000-10-25","m","2707 Eden Street","","Nashville","37208","7555060306","","361Wilkinson52Martha@bing.org","","US","TN");
INSERT INTO Student_T VALUES("9838787774","Phyllis","Silva","1997","2001","1996-05-01","f","707 Pinkston Street","","Montgomery","36109","1447586249","","Phyllis0Silva0429@hotmail.com","","US","AL");
INSERT INTO Student_T VALUES("8426359037","Susan","Connell","1992","2001","1988-07-10","m","5605 North Terry Avenue","","Oklahoma City","73111","7774271424","8167593534","9317ConnellSusan3@yahoo.net","","US","OK");
INSERT INTO Student_T VALUES("6069731374","Danielle","Shover","1999","2000","1993-05-06","f","1803 Hickory Avenue","UNIT C","Panama City","32405","4093121256","8455994320","7Danielle1282Shover@gmail.org","211Shover4Danielle7@gmail.org","US","FL");
INSERT INTO Student_T VALUES("4108859694","Cindy","Slagle","1986","1990","1986-08-26","m","4770 Balboa Way","","Fremont","94536","8422265917","","83Cindy32Slagle8@redmail.net","2SlagleCindy2933@redmail.org","US","CA");
INSERT INTO Student_T VALUES("1311857254","Michael","Meadows","2006","2011","1991-05-04","m","427 Gulf View Drive","","Panama City Beach","32413","3763957607","","8MeadowsMichael7774@redmail.org","","US","FL");
INSERT INTO Student_T VALUES("0126033086","Florence","Neihart","2008","2014","1995-07-26","m","8390 Alkire Street","","Arvada","80005","5568699593","5398781606","3033Florence31@hotmail.com","","US","CO");
INSERT INTO Student_T VALUES("3924753080","Richard","Hubbard","1990","2001","1988-05-10","m","519 Emerald Drive","B","Savannah","31415","5287812744","","3081HubbardRichard0@yahoo.net","0Hubbard992Richard2@gmail.net","US","GA");
INSERT INTO Student_T VALUES("0870229816","Clarissa","Gould","1994","2005","1982-02-08","m","17 Stratfield Avenue","","Westfield","01085","4422223819","","29ClarissaGould647@redmail.com","","US","MA");
INSERT INTO Student_T VALUES("9887348526","Nancy","Knowles","1985","1990","1985-07-06","f","6789 West 70th Avenue","","Arvada","80003","8583331680","3678908521","9324Nancy9Knowles@redmail.com","","US","CO");
INSERT INTO Student_T VALUES("6266338623","Samantha","Staples","2001","2001","1993-12-08","f","2330 39th Street Northwest","","Washington","20007","5619940274","","9347Samantha76@hotmail.net","7Staples5904Samantha@bing.com","US","DC");
INSERT INTO Student_T VALUES("2625295420","Kevin","Ringel","1983","1992","1982-10-07","m","301 Willow Way","","Lynn Haven","32444","6665574159","","522Kevin3Ringel1@yahoo.com","","US","FL");
INSERT INTO Student_T VALUES("5184290630","Donald","Lewis","1991","1998","1983-12-24","m","189 Dalton Avenue","","Pittsfield","01201","4714617551","","0DonaldLewis8372@redmail.net","","US","MA");
INSERT INTO Student_T VALUES("8724968023","Maria","Kessler","2002","2004","1987-12-15","m","3517 S Street Northwest","","Washington","20007","0811402706","","Maria650Kessler29@gmail.net","","US","DC");
INSERT INTO Student_T VALUES("2793074768","Fidelia","Ross","1991","1991","1991-11-25","m","2640 8th Avenue","C","Oakland","94606","3153100797","2904051255","94Ross373Fidelia@hotmail.net","","US","CA");
INSERT INTO Student_T VALUES("0490296560","Annie","Parker","2004","2008","1997-11-26","m","3100 Don Juan Court","","Montgomery","36110","1618660052","","1280Annie81@gmail.net","","US","AL");
INSERT INTO Student_T VALUES("2580852879","Erin","Lloyd","1996","2004","1996-07-19","f","7701 Southwest 104th Street","","Oklahoma City","73169","7708544492","8662138265","Erin68919Lloyd@bing.org","","US","OK");
INSERT INTO Student_T VALUES("7253314297","Sidney","Evans","1995","1995","1982-10-23","m","9457 Winfield Place","","Montgomery","36117","4752332368","","2716Evans3Sidney@yahoo.com","","US","AL");
INSERT INTO Student_T VALUES("5178432669","Elizabeth","Fordham","2005","2016","1990-09-25","m","566 Middle Turnpike East","","Manchester","06040","4752936802","2172094812","Fordham24Elizabeth479@hotmail.org","","US","CT");
INSERT INTO Student_T VALUES("4797218869","Jimmie","Hoyle","2001","2002","1999-07-23","f","77 Shadow Brook Estates","","South Hadley","01075","6675972338","","Hoyle858483@yahoo.net","Hoyle40172Jimmie@hotmail.net","US","MA");
INSERT INTO Student_T VALUES("9299308332","Kyle","Parker","2001","2006","1987-09-30","f","826 Webster Street","","Hayward","94544","2226865367","","53Parker3567@redmail.org","","US","CA");
INSERT INTO Student_T VALUES("2559043517","Christina","Solis","2007","2010","1996-09-10","m","1261 Sioux Terrace","","Nashville","37115","2798498396","","40389ChristinaSolis@redmail.net","","US","TN");
INSERT INTO Student_T VALUES("5703803030","Laura","Stephens","1993","1994","1990-12-27","f","642 South 2nd Street","#608","Louisville","40202","1051056538","","1786Stephens3Laura@redmail.org","","US","KY");
INSERT INTO Student_T VALUES("3337150347","Crystal","Ryan","1996","2000","1986-06-11","m","527 Birch Mountain Road","","Manchester","06040","1059636730","","97RyanCrystal102@redmail.com","5204Crystal1Ryan@gmail.com","US","CT");
INSERT INTO Student_T VALUES("8802772413","Dee","Whitlatch","2000","2010","1999-05-06","f","8101 Northwind Avenue","","Anchorage","99504","9134544850","7729043991","WhitlatchDee54656@yahoo.com","","US","AK");
INSERT INTO Student_T VALUES("4385646620","William","Tapia","2018","2028","1999-01-05","m","325 Irwin Street","#APT 000002","Anchorage","99508","9019583691","","27467William8@gmail.org","","US","AK");
INSERT INTO Student_T VALUES("9097173196","Jacquelyn","Brown","2014","2018","1997-12-10","m","421 Madison Street Northeast","","Washington","20011","0258304114","","JacquelynBrown12627@bing.com","","US","DC");
INSERT INTO Student_T VALUES("9798525746","Rick","Stubbs","2002","2005","1994-02-03","f","1520 H Street Northwest","","Washington","20006","2972214171","","6835Stubbs8Rick@redmail.com","434RickStubbs37@hotmail.net","US","DC");
INSERT INTO Student_T VALUES("4057453821","Joyce","Eaton","2001","2006","2000-07-28","m","2406 Lindbergh Drive","","Louisville","40208","4956468898","","1148Joyce99@yahoo.org","","US","KY");
INSERT INTO Student_T VALUES("0551966016","Constance","Ander","2000","2004","1988-10-16","m","43 Henderson Avenue","","Savannah","31406","8401927122","","5Constance956Ander9@redmail.com","","US","GA");
INSERT INTO Student_T VALUES("0401563479","Angela","Pence","2011","2020","1991-02-08","m","12 Saint Andrews Crossover","","Severna Park","21146","8687004904","","15400Angela2@bing.com","","US","MD");
INSERT INTO Student_T VALUES("5001489881","Roy","Lewis","1991","1992","1980-11-10","f","3386 Sudlersville South","","Laurel","20724","9534265307","","11Lewis1530@yahoo.org","","US","MD");
INSERT INTO Student_T VALUES("4064476379","Vernon","Allen","2001","2007","1981-03-08","f","913 Fallview Trail","","Nashville","37211","1087612073","","6Vernon88Allen04@gmail.org","","US","TN");
INSERT INTO Student_T VALUES("2098185869","Joyce","Thomas","2020","2025","1999-12-12","f","2327 Pomeroy Road Southeast","","Washington","20020","2760879206","","Thomas5036Joyce1@bing.org","","US","DC");
INSERT INTO Student_T VALUES("8831655551","Brad","Aoki","2019","2027","1998-05-23","f","618 McLaws Street","","Savannah","31405","1133540842","","8Aoki29Brad96@redmail.com","","US","GA");
INSERT INTO Student_T VALUES("9869872496","Rebecca","Torres","1989","1993","1985-05-12","f","1622 Edgar D Nixon Avenue","","Montgomery","36104","9535493358","","Torres3892Rebecca4@gmail.com","","US","AL");
INSERT INTO Student_T VALUES("5013678713","John","Purdy","1999","2000","1996-03-04","m","3404 Lakeside Drive","","Anchorage","99515","5630600156","","JohnPurdy59620@hotmail.net","","US","AK");
INSERT INTO Student_T VALUES("4366973621","Michael","Amberg","1986","1988","1984-09-21","m","396 Berkshire Drive","","Riva","21140","2646283974","","MichaelAmberg97358@hotmail.org","","US","MD");
INSERT INTO Student_T VALUES("2838695087","Theresa","Holly","1997","2008","1984-02-02","m","3642 Chatsworth Road","","Fayetteville","72703","7068719661","","3TheresaHolly3060@hotmail.org","","US","AR");
INSERT INTO Student_T VALUES("2845059922","Laverne","Echevarria","1988","1988","1984-10-05","f","162 South Main Street","","Stowe","05672","1993268018","","09Echevarria4343@hotmail.net","Echevarria5Laverne1587@hotmail.net","US","VT");
INSERT INTO Student_T VALUES("6911676615","Maria","Zimmerman","1997","2001","1997-05-28","f","1742 Allerford Drive","","Hanover","21076","6510752583","","928Zimmerman272@redmail.com","","US","MD");
INSERT INTO Student_T VALUES("5419898318","Carl","Deibel","2006","2010","2000-02-18","m","402 Tuten Avenue","","Savannah","31415","7675836381","","7079CarlDeibel2@hotmail.net","","US","GA");
INSERT INTO Student_T VALUES("6749410732","Helen","Schreffler","2004","2005","2000-10-11","f","1424 Winter Avenue","","Louisville","40204","0162235107","","76Schreffler0Helen99@hotmail.com","","US","KY");
INSERT INTO Student_T VALUES("1312000768","James","Faurrieta","2016","2019","1999-07-05","m","4313 Bylsma Circle","","Panama City","32404","6638478218","","661Faurrieta2James6@redmail.net","","US","FL");
INSERT INTO Student_T VALUES("6804322107","Milton","Peters","2002","2005","1994-12-01","m","595 West 15th Street","","Fayetteville","72701","3019424075","5342093083","05485Peters5@hotmail.com","754Peters892@gmail.org","US","AR");
INSERT INTO Student_T VALUES("3160576450","Kai","Soto","1987","1991","1982-02-18","m","4 Conti Circle","","Barre","05641","1874225094","9337740536","139Soto5Kai4@bing.org","","US","VT");
INSERT INTO Student_T VALUES("5162380216","Troy","Mccasland","2001","2007","1994-04-10","m","949 South Lawrence Street","","Montgomery","36104","3658662840","","38MccaslandTroy543@gmail.net","","US","AL");
INSERT INTO Student_T VALUES("6990883441","Kathleen","Faust","2016","2017","1999-12-03","f","310 Timrod Road","","Manchester","06040","6773288583","","9Kathleen4Faust099@bing.com","","US","CT");

/* Faculty inserts */

INSERT INTO Faculty_T VALUES("6308415486","Anthony","Groom","professor","6628676540","37395","1971-08-14","5327 Pierce Street","","Arvada","80002","0554428555","GroomAnthony76077@bing.net","43Anthony72Groom3@redmail.org","TH","US","CO");
INSERT INTO Faculty_T VALUES("0146588953","Tiffany","Zeff","professor","1495288115","39991","1955-01-07","3919 Landherr Drive","","Louisville","40299","5573997840","9Tiffany03Zeff60@bing.com","","CJ","US","KY");
INSERT INTO Faculty_T VALUES("5125985409","Ben","Duncan","teaching assistant","0745620071","6294","1941-05-25","4246 Ray Drive","","Montgomery","36109","","6Duncan02174@bing.org","","DA","US","AL");
INSERT INTO Faculty_T VALUES("6825226437","Paul","Wadsworth","professor","5639263880","99896","1992-11-20","1117 Everett Avenue","","Louisville","40204","5031180889","34PaulWadsworth793@gmail.net","","HI","US","KY");
INSERT INTO Faculty_T VALUES("8277889959","Claudia","Gil","professor","8354022676","3701","1976-08-08","25 Edwards Street","","Manchester","06042","","76Claudia2720@gmail.org","","PL","US","CT");
INSERT INTO Faculty_T VALUES("8758620715","Donna","Everett","professor","7721848832","68726","1981-09-27","11501 Maple Way","","Louisville","40229","","Donna6959Everett8@gmail.org","","CS","US","KY");
INSERT INTO Faculty_T VALUES("5519540097","Tammy","Glenn","professor","7691435473","41965","1965-04-04","37 Rushforde Drive","","Manchester","06040","","97Tammy036Glenn@hotmail.org","","CC","US","CT");
INSERT INTO Faculty_T VALUES("5088844002","Alex","Nelson","teaching assistant","7300413385","64751","1992-02-28","8417 Timothy Lane","","Oklahoma City","73135","","Alex112Nelson35@hotmail.org","448AlexNelson86@gmail.org","BU","US","OK");
INSERT INTO Faculty_T VALUES("1073226333","Richard","Ojanen","professor","9892604427","88443","1958-07-13","1753 Carswell Court","","Suisun City","94585","7424836122","13RichardOjanen977@gmail.org","","CC","US","CA");
INSERT INTO Faculty_T VALUES("8313575451","Rob","Berner","professsor","7905341510","85169","1993-03-04","2311 West Lawson Street","","Fayetteville","72703","","94133Berner1@yahoo.org","","DA","US","AR");
INSERT INTO Faculty_T VALUES("6262685707","Leonard","Darby","professor","2867866894","75810","1977-09-30","5644 Kipling Parkway","#108","Arvada","80002","","22054Leonard5@hotmail.org","98383LeonardDarby@gmail.com","CS","US","CO");
INSERT INTO Faculty_T VALUES("1491896687","Frank","Lomboy","teaching assistant","9729925672","8841","1954-07-09","150 Meadowview Street","","Marshfield","02050","","LomboyFrank33148@hotmail.net","","CC","US","MA");
INSERT INTO Faculty_T VALUES("3671005780","Robert","Pharris","professor","7163109231","67173","1961-11-22","4032 Windwood Lane","","Nashville","37214","6606669748","RobertPharris21434@hotmail.org","1Pharris3962Robert@bing.org","CS","US","TN");
INSERT INTO Faculty_T VALUES("4936259407","Lee","Northern","adjunct","2711025063","90249","1967-04-10","4 Conti Circle","","Barre","05641","6563049210","23Lee4Northern59@bing.net","","CS","US","VT");
INSERT INTO Faculty_T VALUES("0184440174","Patrick","Leven","professor","5325379146","2828","1948-12-14","1900 West Virginia Avenue Northeast","","Washington","20002","","25Leven2Patrick64@redmail.net","","EN","US","DC");
INSERT INTO Faculty_T VALUES("0834475103","Linda","Malkin","professor","6255106609","50101","1968-01-05","3541 North Road","","Maidstone","05905","9434574972","633Linda4Malkin1@hotmail.org","","PH","US","VT");
INSERT INTO Faculty_T VALUES("8699227472","Kathleen","Howland","adjunct","1032203872","90337","1956-05-20","18 Cambridge Street","","Manchester","06042","","KathleenHowland50686@bing.com","","EN","US","CT");
INSERT INTO Faculty_T VALUES("9223333821","Raymond","Godfrey","professor","1299639556","38736","1996-01-04","1816 14th Avenue","","Nashville","37208","","57Raymond3Godfrey69@bing.org","","DA","US","TN");
INSERT INTO Faculty_T VALUES("9840256496","Richard","Goldberg","adjunct","5128192308","40645","1943-01-02","410 Fairlea Drive","","Edgewater","21037","","0226Richard65@redmail.org","","PS","US","MD");
INSERT INTO Faculty_T VALUES("7497226425","Amy","Wallace","professor","9654952471","63230","1950-09-16","8521 Crystal Street","","Anchorage","99502","","Wallace41679Amy@redmail.com","","BU","US","AK");
INSERT INTO Faculty_T VALUES("7077362011","Michael","Marble","professor","0458595012","62385","1988-10-10","6223 Kilmer Loop","#206","Arvada","80403","4355925463","035426Marble@bing.org","","TH","US","CO");
INSERT INTO Faculty_T VALUES("7643824458","January","Wilkerson","professor","9592378902","3021","1970-02-11","1734 Corcoran Street Northwest","","Washington","20009","","January8697Wilkerson3@gmail.com","","CS","US","DC");
INSERT INTO Faculty_T VALUES("5946812754","Lewis","Chrisco","adjunct","1135022100","27519","1994-09-26","11256 Palos Verdes Court","","Cupertino","95014","","Chrisco9Lewis8822@gmail.org","","EN","US","CA");
INSERT INTO Faculty_T VALUES("9461381065","Marcia","Watt","professor","7005533556","54186","1984-12-11","1914 Stratford Downs Drive","","Montgomery","36117","","Marcia49820Watt@yahoo.org","","PL","US","AL");
INSERT INTO Faculty_T VALUES("6557854189","Dorothy","Rowan","adjunct","0128522147","72854","1993-06-01","5644 Kipling Parkway","#108","Arvada","80002","","65628DorothyRowan@gmail.net","","CS","US","CO");
INSERT INTO Faculty_T VALUES("5016412707","Jesse","Gladney","professsor","0994115184","13731","1940-12-22","449 Saratoga Lane","","Montgomery","36117","","0Jesse438Gladney5@yahoo.net","","CS","US","AL");
INSERT INTO Faculty_T VALUES("7532701721","Scott","Porter","tenured","5301358861","96852","1945-08-28","7350 West Wedington Drive","","Fayetteville","72704","","Scott359Porter95@hotmail.org","","TH","US","AR");
INSERT INTO Faculty_T VALUES("1075434495","Armando","Mclaughlin","professor","4702270043","10749","1993-11-29","58 Rice Street Southwest","","Washington","20032","","436Armando1Mclaughlin8@gmail.com","6MclaughlinArmando0531@bing.com","BU","US","DC");
INSERT INTO Faculty_T VALUES("7326136700","Roxie","Stone","professor","7674734456","21071","1972-08-04","111 Edgewater Road","#115","Savannah","31406","7368399088","069447Stone@yahoo.org","","MA","US","GA");
INSERT INTO Faculty_T VALUES("9412381365","Carey","Silva","professor","2629872380","35849","1972-09-16","7701 Southwest 104th Street","","Oklahoma City","73169","6736916414","83944Silva3@hotmail.org","","CC","US","OK");
INSERT INTO Faculty_T VALUES("1992222695","Callie","Daymude","professor","2729074161","45366","1963-12-02","113 Dove Lane","","Savannah","31406","","Daymude25971Callie@hotmail.com","0Callie71250@hotmail.com","DA","US","GA");
INSERT INTO Faculty_T VALUES("8540738062","Robert","Demoss","professor","8986423482","52805","1960-04-10","2765 North Barcelona Avenue","","Fayetteville","72703","","7Robert41958@bing.net","","CS","US","AR");
INSERT INTO Faculty_T VALUES("8240107258","Melanie","Payne","adjunct","6250146911","27617","1992-09-21","200 West Center Street","A","Manchester","06040","","03Melanie6177@gmail.net","Payne7797Melanie2@redmail.net","HI","US","CT");
INSERT INTO Faculty_T VALUES("1493268620","Leslie","Kinloch","professor","9465003708","96617","1942-01-23","5337 West Wheeler Road","","Fayetteville","72704","","6409Leslie2Kinloch@redmail.com","","MA","US","AR");
INSERT INTO Faculty_T VALUES("4596974540","Joann","Camerano","tenured","2342500722","2815","1962-08-13","15238 North 65th Avenue","","Glendale","85306","4348416939","313895Camerano@gmail.org","","EE","US","AZ");
INSERT INTO Faculty_T VALUES("5082220586","Francis","Ramirez","tenured","3446974677","63450","1973-09-12","3469 North Par Court","","Fayetteville","72703","9257546190","075143Francis@bing.com","","CJ","US","AR");
INSERT INTO Faculty_T VALUES("3054386191","Alex","Negron","teaching assistant","7917108527","66792","1978-04-15","1234 Carmel Street","","Madera","93638","","330540Negron@redmail.net","","PS","US","CA");
INSERT INTO Faculty_T VALUES("7606227553","Patricia","Delaney","professsor","5811379242","13760","1983-09-22","7025 Queen Street","","Arvada","80004","","DelaneyPatricia01048@bing.com","Delaney332Patricia73@gmail.net","CS","US","CO");
INSERT INTO Faculty_T VALUES("7065792631","Marian","Newton","professor","9122006875","13469","1991-12-16","350 Woodbine Road","","Shelburne","05482","","7Marian100Newton5@hotmail.net","Newton398Marian13@bing.org","HI","US","VT");
INSERT INTO Faculty_T VALUES("0720711095","Suzanne","Granier","professor","2201493350","17341","1979-07-07","305 Broderick Place","","Panama City Beach","32413","8776045001","6Suzanne6Granier829@gmail.com","","PH","US","FL");
INSERT INTO Faculty_T VALUES("8997640935","John","Mcilhinney","professor","6035942344","42472","1953-02-09","37600 Sycamore Street","","Newark","94560","","Mcilhinney076John61@gmail.net","","PL","US","CA");
INSERT INTO Faculty_T VALUES("5704471033","Christopher","Pastrana","teaching assistant","3115790256","56758","1967-03-20","2868 Peak Road","","Wheelock","05851","","PastranaChristopher30865@redmail.com","917866Christopher@hotmail.com","DA","US","VT");
INSERT INTO Faculty_T VALUES("1142221455","Megan","Smith","professor","9091213447","69262","1992-05-08","344 Island Road","","Savannah","31406","","Megan4Smith2226@gmail.net","","PL","US","GA");
INSERT INTO Faculty_T VALUES("6559470466","Micheal","Adams","professor","3264040669","35654","1965-07-29","117 South Capitol Parkway","","Montgomery","36107","","09Adams308Micheal@hotmail.net","","DA","US","AL");
INSERT INTO Faculty_T VALUES("7507746612","Michael","Zelaya","professor","5119255075","23107","1972-03-15","900 North Leverett Avenue","#126","Fayetteville","72701","","45Zelaya0Michael72@redmail.com","961ZelayaMichael00@bing.com","HI","US","AR");
INSERT INTO Faculty_T VALUES("6663210043","Eileen","Rivera","professor","6425622443","9897","1949-05-04","4201 Georgia Avenue Northwest","","Washington","20011","7955013260","622Rivera34Eileen@bing.org","","CC","US","DC");
INSERT INTO Faculty_T VALUES("6222787936","Sondra","Sparks","professor","6270358607","88481","1990-08-14","3871 Galactica Drive","","Anchorage","99517","8969547586","693Sondra45Sparks@yahoo.net","9Sondra90Sparks36@hotmail.net","MA","US","AK");
INSERT INTO Faculty_T VALUES("0123728462","Charles","White","tenured","3252173740","15518","1960-10-18","9302 West 58th Avenue","","Arvada","80002","","8Charles90White40@bing.org","White376Charles05@gmail.com","EE","US","CO");
INSERT INTO Faculty_T VALUES("2141835420","Barton","Hicks","professor","3699491597","10430","1985-09-30","9828 East Pueblo Avenue","","Mesa","85208","","53173Barton2@gmail.com","","EE","US","AZ");
INSERT INTO Faculty_T VALUES("0191767458","John","Bowles","professsor","9593945033","3080","1958-06-18","1194 Cragmont Avenue","M","Berkeley","94708","7602489801","53Bowles150John@gmail.com","11John81Bowles0@hotmail.com","EN","US","CA");

/* Section inserts */

INSERT INTO Section_T VALUES("H","43319","2021","SP","0834475103","296562","8:00 AM","8:50 AM","30","0097","MW");
INSERT INTO Section_T VALUES("H","71097","2001","FA","9412381365","530849","10:00 AM","10:50 AM","20","5492","WFS");
INSERT INTO Section_T VALUES("D","33819","2012","WI","7065792631","459703","8:00 AM","8:50 AM","40","9487","MWR");
INSERT INTO Section_T VALUES("B","47599","2007","WI","0123728462","810018","8:00 AM","8:50 AM","15","5308","MTR");
INSERT INTO Section_T VALUES("B","54386","2025","FA","7643824458","699541","10:00 AM","10:50 AM","10","7593","WFS");
INSERT INTO Section_T VALUES("D","60970","2008","SP","5088844002","510088","8:00 AM","8:50 AM","30","9083","MTR");
INSERT INTO Section_T VALUES("D","46370","2021","FA","7606227553","030269","10:00 AM","10:50 AM","45","0097","TR");
INSERT INTO Section_T VALUES("F","10172","2007","SP","7077362011","807277","9:00 AM","9:50 AM","50","5633","MWF");
INSERT INTO Section_T VALUES("G","33454","2000","WI","7077362011","881415","11:00 AM","11:50 AM","45","5308","WFS");
INSERT INTO Section_T VALUES("H","60970","2024","SP","7497226425","596420","10:00 AM","10:50 AM","25","9487","TRS");
INSERT INTO Section_T VALUES("G","47688","2016","WI","6557854189","653767","10:00 AM","10:50 AM","50","7593","WFS");
INSERT INTO Section_T VALUES("A","91199","2020","WI","8313575451","541271","10:00 AM","10:50 AM","25","3489","MWF");
INSERT INTO Section_T VALUES("H","67424","2029","WI","3671005780","515974","11:00 AM","11:50 AM","10","5492","MTR");
INSERT INTO Section_T VALUES("C","52972","2024","SU","8997640935","530849","8:00 AM","8:50 AM","50","5492","MWR");
INSERT INTO Section_T VALUES("E","56455","2001","FA","1493268620","961310","11:00 AM","11:50 AM","20","5633","MWR");
INSERT INTO Section_T VALUES("A","56869","2029","SP","3054386191","973735","11:00 AM","11:50 AM","25","3489","MWR");
INSERT INTO Section_T VALUES("D","47688","2006","SU","5088844002","679558","11:00 AM","11:50 AM","45","5308","WFS");
INSERT INTO Section_T VALUES("C","87552","2018","FA","1493268620","923270","11:00 AM","11:50 AM","10","5492","S");
INSERT INTO Section_T VALUES("E","89832","2003","WI","5946812754","596420","8:00 AM","8:50 AM","45","9487","WFS");
INSERT INTO Section_T VALUES("G","21058","2025","FA","1493268620","562694","11:00 AM","11:50 AM","45","9487","MW");
INSERT INTO Section_T VALUES("H","54386","2011","WI","8540738062","950211","8:00 AM","8:50 AM","15","9083","WFS");
INSERT INTO Section_T VALUES("C","67424","2016","FA","3054386191","807277","8:00 AM","8:50 AM","50","5633","MWS");
INSERT INTO Section_T VALUES("F","95942","2027","SU","3054386191","134610","10:00 AM","10:50 AM","15","5308","MWF");
INSERT INTO Section_T VALUES("F","67424","2004","WI","0834475103","257411","8:00 AM","8:50 AM","20","5492","MWR");
INSERT INTO Section_T VALUES("A","71097","2004","SP","1493268620","340600","9:00 AM","9:50 AM","15","0097","MWF");
INSERT INTO Section_T VALUES("A","67424","2026","SP","0720711095","637639","11:00 AM","11:50 AM","50","4459","MTR");
INSERT INTO Section_T VALUES("D","89832","2020","WI","7532701721","966579","11:00 AM","11:50 AM","50","7593","S");
INSERT INTO Section_T VALUES("H","46370","2003","SP","7065792631","441840","8:00 AM","8:50 AM","25","3489","MWR");
INSERT INTO Section_T VALUES("H","81342","2004","FA","7497226425","368004","8:00 AM","8:50 AM","40","9487","MTWRF");
INSERT INTO Section_T VALUES("C","94364","2025","WI","3671005780","510088","9:00 AM","9:50 AM","35","9083","MTR");

/* Enrollment inserts */

INSERT INTO Enrollment_T (StuID, SectionID, CourseID, Yr, Term, Midterm, Final, Add_date, Drop_date, Withdraw_date) VALUES("8802772413","F","10172","2007","SP","2007-01-01","2007-12-31","2006-11-16",null,null);
INSERT INTO Enrollment_T (StuID, SectionID, CourseID, Yr, Term, Midterm, Final, Add_date, Drop_date, Withdraw_date) VALUES("5184290630","G","47688","2016","WI","2016-01-01","2016-12-31","2015-11-16",null,null);
INSERT INTO Enrollment_T (StuID, SectionID, CourseID, Yr, Term, Midterm, Final, Add_date, Drop_date, Withdraw_date) VALUES("5178432669","A","67424","2026","SP","2026-01-01","2026-12-31","2025-11-16",null,null);
INSERT INTO Enrollment_T (StuID, SectionID, CourseID, Yr, Term, Midterm, Final, Add_date, Drop_date, Withdraw_date) VALUES("9798525746","C","87552","2018","FA","2018-01-01","2018-12-31","2017-11-16",null,null);
INSERT INTO Enrollment_T (StuID, SectionID, CourseID, Yr, Term, Midterm, Final, Add_date, Drop_date, Withdraw_date) VALUES("6990883441","C","52972","2024","SU","2024-01-01","2024-12-31","2023-11-16",null,null);
INSERT INTO Enrollment_T (StuID, SectionID, CourseID, Yr, Term, Midterm, Final, Add_date, Drop_date, Withdraw_date) VALUES("5703803030","G","47688","2016","WI","2016-01-01","2016-12-31","2015-11-16",null,null);
INSERT INTO Enrollment_T (StuID, SectionID, CourseID, Yr, Term, Midterm, Final, Add_date, Drop_date, Withdraw_date) VALUES("6749410732","H","60970","2024","SP","2024-01-01","2024-12-31","2023-11-16",null,null);
INSERT INTO Enrollment_T (StuID, SectionID, CourseID, Yr, Term, Midterm, Final, Add_date, Drop_date, Withdraw_date) VALUES("2625295420","G","21058","2025","FA","2025-01-01","2025-12-31","2024-11-16","2025-5-28",null);
INSERT INTO Enrollment_T (StuID, SectionID, CourseID, Yr, Term, Midterm, Final, Add_date, Drop_date, Withdraw_date) VALUES("8831655551","H","81342","2004","FA","2004-01-01","2004-12-31","2003-11-16","2004-3-15",null);
INSERT INTO Enrollment_T (StuID, SectionID, CourseID, Yr, Term, Midterm, Final, Add_date, Drop_date, Withdraw_date) VALUES("9299308332","A","67424","2026","SP","2026-01-01","2026-12-31","2025-11-16",null,null);
INSERT INTO Enrollment_T (StuID, SectionID, CourseID, Yr, Term, Midterm, Final, Add_date, Drop_date, Withdraw_date) VALUES("2625295420","H","43319","2021","SP","2021-01-01","2021-12-31","2020-11-16",null,null);
INSERT INTO Enrollment_T (StuID, SectionID, CourseID, Yr, Term, Midterm, Final, Add_date, Drop_date, Withdraw_date) VALUES("5703803030","H","67424","2029","WI","2029-01-01","2029-12-31","2028-11-16",null,null);
INSERT INTO Enrollment_T (StuID, SectionID, CourseID, Yr, Term, Midterm, Final, Add_date, Drop_date, Withdraw_date) VALUES("6266338623","H","71097","2001","FA","2001-01-01","2001-12-31","2000-11-16",null,null);
INSERT INTO Enrollment_T (StuID, SectionID, CourseID, Yr, Term, Midterm, Final, Add_date, Drop_date, Withdraw_date) VALUES("2625295420","C","94364","2025","WI","2025-01-01","2025-12-31","2024-11-16",null,null);
INSERT INTO Enrollment_T (StuID, SectionID, CourseID, Yr, Term, Midterm, Final, Add_date, Drop_date, Withdraw_date) VALUES("6990883441","E","89832","2003","WI","2003-01-01","2003-12-31","2002-11-16",null,"2003-3-28");
INSERT INTO Enrollment_T (StuID, SectionID, CourseID, Yr, Term, Midterm, Final, Add_date, Drop_date, Withdraw_date) VALUES("6990883441","G","33454","2000","WI","2000-01-01","2000-12-31","1999-11-16",null,null);
INSERT INTO Enrollment_T (StuID, SectionID, CourseID, Yr, Term, Midterm, Final, Add_date, Drop_date, Withdraw_date) VALUES("2838695087","C","67424","2016","FA","2016-01-01","2016-12-31","2015-11-16",null,null);
INSERT INTO Enrollment_T (StuID, SectionID, CourseID, Yr, Term, Midterm, Final, Add_date, Drop_date, Withdraw_date) VALUES("2625295420","H","60970","2024","SP","2024-01-01","2024-12-31","2023-11-16",null,null);
INSERT INTO Enrollment_T (StuID, SectionID, CourseID, Yr, Term, Midterm, Final, Add_date, Drop_date, Withdraw_date) VALUES("4064476379","G","33454","2000","WI","2000-01-01","2000-12-31","1999-11-16",null,null);
INSERT INTO Enrollment_T (StuID, SectionID, CourseID, Yr, Term, Midterm, Final, Add_date, Drop_date, Withdraw_date) VALUES("9798525746","C","67424","2016","FA","2016-01-01","2016-12-31","2015-11-16",null,null);
INSERT INTO Enrollment_T (StuID, SectionID, CourseID, Yr, Term, Midterm, Final, Add_date, Drop_date, Withdraw_date) VALUES("5161774509","D","89832","2020","WI","2020-01-01","2020-12-31","2019-11-16",null,null);
INSERT INTO Enrollment_T (StuID, SectionID, CourseID, Yr, Term, Midterm, Final, Add_date, Drop_date, Withdraw_date) VALUES("2559043517","E","56455","2001","FA","2001-01-01","2001-12-31","2000-11-16",null,null);
INSERT INTO Enrollment_T (StuID, SectionID, CourseID, Yr, Term, Midterm, Final, Add_date, Drop_date, Withdraw_date) VALUES("4057453821","H","43319","2021","SP","2021-01-01","2021-12-31","2020-11-16",null,null);
INSERT INTO Enrollment_T (StuID, SectionID, CourseID, Yr, Term, Midterm, Final, Add_date, Drop_date, Withdraw_date) VALUES("8831655551","A","91199","2020","WI","2020-01-01","2020-12-31","2019-11-16",null,null);
INSERT INTO Enrollment_T (StuID, SectionID, CourseID, Yr, Term, Midterm, Final, Add_date, Drop_date, Withdraw_date) VALUES("9678442869","G","47688","2016","WI","2016-01-01","2016-12-31","2015-11-16",null,"2016-9-14");
INSERT INTO Enrollment_T (StuID, SectionID, CourseID, Yr, Term, Midterm, Final, Add_date, Drop_date, Withdraw_date) VALUES("0870229816","D","47688","2006","SU","2006-01-01","2006-12-31","2005-11-16",null,null);
INSERT INTO Enrollment_T (StuID, SectionID, CourseID, Yr, Term, Midterm, Final, Add_date, Drop_date, Withdraw_date) VALUES("5013678713","G","47688","2016","WI","2016-01-01","2016-12-31","2015-11-16",null,null);
INSERT INTO Enrollment_T (StuID, SectionID, CourseID, Yr, Term, Midterm, Final, Add_date, Drop_date, Withdraw_date) VALUES("6804322107","H","71097","2001","FA","2001-01-01","2001-12-31","2000-11-16",null,null);
INSERT INTO Enrollment_T (StuID, SectionID, CourseID, Yr, Term, Midterm, Final, Add_date, Drop_date, Withdraw_date) VALUES("8831655551","D","60970","2008","SP","2008-01-01","2008-12-31","2007-11-16",null,null);
INSERT INTO Enrollment_T (StuID, SectionID, CourseID, Yr, Term, Midterm, Final, Add_date, Drop_date, Withdraw_date) VALUES("2625295420","F","67424","2004","WI","2004-01-01","2004-12-31","2003-11-16",null,null);
INSERT INTO Enrollment_T (StuID, SectionID, CourseID, Yr, Term, Midterm, Final, Add_date, Drop_date, Withdraw_date) VALUES("4366973621","E","56455","2001","FA","2001-01-01","2001-12-31","2000-11-16",null,null);
INSERT INTO Enrollment_T (StuID, SectionID, CourseID, Yr, Term, Midterm, Final, Add_date, Drop_date, Withdraw_date) VALUES("2838695087","G","21058","2025","FA","2025-01-01","2025-12-31","2024-11-16",null,null);
INSERT INTO Enrollment_T (StuID, SectionID, CourseID, Yr, Term, Midterm, Final, Add_date, Drop_date, Withdraw_date) VALUES("0551966016","A","67424","2026","SP","2026-01-01","2026-12-31","2025-11-16",null,null);
INSERT INTO Enrollment_T (StuID, SectionID, CourseID, Yr, Term, Midterm, Final, Add_date, Drop_date, Withdraw_date) VALUES("9887348526","H","43319","2021","SP","2021-01-01","2021-12-31","2020-11-16",null,null);
INSERT INTO Enrollment_T (StuID, SectionID, CourseID, Yr, Term, Midterm, Final, Add_date, Drop_date, Withdraw_date) VALUES("2793074768","H","81342","2004","FA","2004-01-01","2004-12-31","2003-11-16",null,null);
INSERT INTO Enrollment_T (StuID, SectionID, CourseID, Yr, Term, Midterm, Final, Add_date, Drop_date, Withdraw_date) VALUES("5001489881","E","89832","2003","WI","2003-01-01","2003-12-31","2002-11-16",null,null);
INSERT INTO Enrollment_T (StuID, SectionID, CourseID, Yr, Term, Midterm, Final, Add_date, Drop_date, Withdraw_date) VALUES("8831655551","F","10172","2007","SP","2007-01-01","2007-12-31","2006-11-16",null,null);
INSERT INTO Enrollment_T (StuID, SectionID, CourseID, Yr, Term, Midterm, Final, Add_date, Drop_date, Withdraw_date) VALUES("2098185869","C","52972","2024","SU","2024-01-01","2024-12-31","2023-11-16",null,null);
INSERT INTO Enrollment_T (StuID, SectionID, CourseID, Yr, Term, Midterm, Final, Add_date, Drop_date, Withdraw_date) VALUES("5162380216","A","67424","2026","SP","2026-01-01","2026-12-31","2025-11-16",null,null);
INSERT INTO Enrollment_T (StuID, SectionID, CourseID, Yr, Term, Midterm, Final, Add_date, Drop_date, Withdraw_date) VALUES("9678442869","C","94364","2025","WI","2025-01-01","2025-12-31","2024-11-16",null,null);
INSERT INTO Enrollment_T (StuID, SectionID, CourseID, Yr, Term, Midterm, Final, Add_date, Drop_date, Withdraw_date) VALUES("2793074768","H","71097","2001","FA","2001-01-01","2001-12-31","2000-11-16",null,null);
INSERT INTO Enrollment_T (StuID, SectionID, CourseID, Yr, Term, Midterm, Final, Add_date, Drop_date, Withdraw_date) VALUES("6990883441","D","46370","2021","FA","2021-01-01","2021-12-31","2020-11-16",null,"2021-7-23");
INSERT INTO Enrollment_T (StuID, SectionID, CourseID, Yr, Term, Midterm, Final, Add_date, Drop_date, Withdraw_date) VALUES("1312000768","D","33819","2012","WI","2012-01-01","2012-12-31","2011-11-16",null,null);
INSERT INTO Enrollment_T (StuID, SectionID, CourseID, Yr, Term, Midterm, Final, Add_date, Drop_date, Withdraw_date) VALUES("4064476379","G","21058","2025","FA","2025-01-01","2025-12-31","2024-11-16","2025-4-26",null);
INSERT INTO Enrollment_T (StuID, SectionID, CourseID, Yr, Term, Midterm, Final, Add_date, Drop_date, Withdraw_date) VALUES("3160576450","G","33454","2000","WI","2000-01-01","2000-12-31","1999-11-16",null,null);
INSERT INTO Enrollment_T (StuID, SectionID, CourseID, Yr, Term, Midterm, Final, Add_date, Drop_date, Withdraw_date) VALUES("4064476379","D","60970","2008","SP","2008-01-01","2008-12-31","2007-11-16",null,null);
INSERT INTO Enrollment_T (StuID, SectionID, CourseID, Yr, Term, Midterm, Final, Add_date, Drop_date, Withdraw_date) VALUES("0490296560","B","54386","2025","FA","2025-01-01","2025-12-31","2024-11-16",null,null);
INSERT INTO Enrollment_T (StuID, SectionID, CourseID, Yr, Term, Midterm, Final, Add_date, Drop_date, Withdraw_date) VALUES("8802772413","A","91199","2020","WI","2020-01-01","2020-12-31","2019-11-16",null,null);
INSERT INTO Enrollment_T (StuID, SectionID, CourseID, Yr, Term, Midterm, Final, Add_date, Drop_date, Withdraw_date) VALUES("4057453821","A","67424","2026","SP","2026-01-01","2026-12-31","2025-11-16",null,null);
INSERT INTO Enrollment_T (StuID, SectionID, CourseID, Yr, Term, Midterm, Final, Add_date, Drop_date, Withdraw_date) VALUES("6911676615","H","43319","2021","SP","2021-01-01","2021-12-31","2020-11-16",null,null);
INSERT INTO Enrollment_T (StuID, SectionID, CourseID, Yr, Term, Midterm, Final, Add_date, Drop_date, Withdraw_date) VALUES("9838787774","H","81342","2004","FA","2004-01-01","2004-12-31","2003-11-16",null,null);
INSERT INTO Enrollment_T (StuID, SectionID, CourseID, Yr, Term, Midterm, Final, Add_date, Drop_date, Withdraw_date) VALUES("2580852879","E","89832","2003","WI","2003-01-01","2003-12-31","2002-11-16",null,null);
INSERT INTO Enrollment_T (StuID, SectionID, CourseID, Yr, Term, Midterm, Final, Add_date, Drop_date, Withdraw_date) VALUES("9869872496","B","47599","2007","WI","2007-01-01","2007-12-31","2006-11-16",null,null);
INSERT INTO Enrollment_T (StuID, SectionID, CourseID, Yr, Term, Midterm, Final, Add_date, Drop_date, Withdraw_date) VALUES("4797218869","C","52972","2024","SU","2024-01-01","2024-12-31","2023-11-16",null,null);
INSERT INTO Enrollment_T (StuID, SectionID, CourseID, Yr, Term, Midterm, Final, Add_date, Drop_date, Withdraw_date) VALUES("5161774509","H","60970","2024","SP","2024-01-01","2024-12-31","2023-11-16",null,null);
INSERT INTO Enrollment_T (StuID, SectionID, CourseID, Yr, Term, Midterm, Final, Add_date, Drop_date, Withdraw_date) VALUES("9887348526","G","21058","2025","FA","2025-01-01","2025-12-31","2024-11-16",null,"2025-6-21");
INSERT INTO Enrollment_T (StuID, SectionID, CourseID, Yr, Term, Midterm, Final, Add_date, Drop_date, Withdraw_date) VALUES("1312000768","C","94364","2025","WI","2025-01-01","2025-12-31","2024-11-16",null,null);
INSERT INTO Enrollment_T (StuID, SectionID, CourseID, Yr, Term, Midterm, Final, Add_date, Drop_date, Withdraw_date) VALUES("4797218869","B","47599","2007","WI","2007-01-01","2007-12-31","2006-11-16",null,null);
INSERT INTO Enrollment_T (StuID, SectionID, CourseID, Yr, Term, Midterm, Final, Add_date, Drop_date, Withdraw_date) VALUES("0870229816","C","67424","2016","FA","2016-01-01","2016-12-31","2015-11-16",null,"2016-2-15");
INSERT INTO Enrollment_T (StuID, SectionID, CourseID, Yr, Term, Midterm, Final, Add_date, Drop_date, Withdraw_date) VALUES("6749410732","C","67424","2016","FA","2016-01-01","2016-12-31","2015-11-16",null,null);
INSERT INTO Enrollment_T (StuID, SectionID, CourseID, Yr, Term, Midterm, Final, Add_date, Drop_date, Withdraw_date) VALUES("8802772413","D","33819","2012","WI","2012-01-01","2012-12-31","2011-11-16",null,null);
INSERT INTO Enrollment_T (StuID, SectionID, CourseID, Yr, Term, Midterm, Final, Add_date, Drop_date, Withdraw_date) VALUES("2838695087","H","71097","2001","FA","2001-01-01","2001-12-31","2000-11-16",null,null);
INSERT INTO Enrollment_T (StuID, SectionID, CourseID, Yr, Term, Midterm, Final, Add_date, Drop_date, Withdraw_date) VALUES("6990883441","H","71097","2001","FA","2001-01-01","2001-12-31","2000-11-16",null,"2001-5-25");
INSERT INTO Enrollment_T (StuID, SectionID, CourseID, Yr, Term, Midterm, Final, Add_date, Drop_date, Withdraw_date) VALUES("5161774509","A","71097","2004","SP","2004-01-01","2004-12-31","2003-11-16",null,null);
INSERT INTO Enrollment_T (StuID, SectionID, CourseID, Yr, Term, Midterm, Final, Add_date, Drop_date, Withdraw_date) VALUES("2580852879","H","81342","2004","FA","2004-01-01","2004-12-31","2003-11-16",null,null);
INSERT INTO Enrollment_T (StuID, SectionID, CourseID, Yr, Term, Midterm, Final, Add_date, Drop_date, Withdraw_date) VALUES("9678442869","D","47688","2006","SU","2006-01-01","2006-12-31","2005-11-16",null,null);
INSERT INTO Enrollment_T (StuID, SectionID, CourseID, Yr, Term, Midterm, Final, Add_date, Drop_date, Withdraw_date) VALUES("6911676615","B","47599","2007","WI","2007-01-01","2007-12-31","2006-11-16",null,null);
INSERT INTO Enrollment_T (StuID, SectionID, CourseID, Yr, Term, Midterm, Final, Add_date, Drop_date, Withdraw_date) VALUES("6911676615","C","87552","2018","FA","2018-01-01","2018-12-31","2017-11-16",null,null);
INSERT INTO Enrollment_T (StuID, SectionID, CourseID, Yr, Term, Midterm, Final, Add_date, Drop_date, Withdraw_date) VALUES("5184290630","H","43319","2021","SP","2021-01-01","2021-12-31","2020-11-16","2021-3-22",null);
INSERT INTO Enrollment_T (StuID, SectionID, CourseID, Yr, Term, Midterm, Final, Add_date, Drop_date, Withdraw_date) VALUES("2845059922","H","43319","2021","SP","2021-01-01","2021-12-31","2020-11-16",null,null);
INSERT INTO Enrollment_T (StuID, SectionID, CourseID, Yr, Term, Midterm, Final, Add_date, Drop_date, Withdraw_date) VALUES("2098185869","F","10172","2007","SP","2007-01-01","2007-12-31","2006-11-16",null,null);
INSERT INTO Enrollment_T (StuID, SectionID, CourseID, Yr, Term, Midterm, Final, Add_date, Drop_date, Withdraw_date) VALUES("8724968023","C","94364","2025","WI","2025-01-01","2025-12-31","2024-11-16",null,null);
INSERT INTO Enrollment_T (StuID, SectionID, CourseID, Yr, Term, Midterm, Final, Add_date, Drop_date, Withdraw_date) VALUES("2559043517","F","67424","2004","WI","2004-01-01","2004-12-31","2003-11-16",null,null);
INSERT INTO Enrollment_T (StuID, SectionID, CourseID, Yr, Term, Midterm, Final, Add_date, Drop_date, Withdraw_date) VALUES("5162380216","H","43319","2021","SP","2021-01-01","2021-12-31","2020-11-16",null,null);
INSERT INTO Enrollment_T (StuID, SectionID, CourseID, Yr, Term, Midterm, Final, Add_date, Drop_date, Withdraw_date) VALUES("9869872496","G","47688","2016","WI","2016-01-01","2016-12-31","2015-11-16",null,null);
INSERT INTO Enrollment_T (StuID, SectionID, CourseID, Yr, Term, Midterm, Final, Add_date, Drop_date, Withdraw_date) VALUES("9678442869","A","91199","2020","WI","2020-01-01","2020-12-31","2019-11-16","2020-4-20",null);
INSERT INTO Enrollment_T (StuID, SectionID, CourseID, Yr, Term, Midterm, Final, Add_date, Drop_date, Withdraw_date) VALUES("4797218869","D","89832","2020","WI","2020-01-01","2020-12-31","2019-11-16",null,null);
INSERT INTO Enrollment_T (StuID, SectionID, CourseID, Yr, Term, Midterm, Final, Add_date, Drop_date, Withdraw_date) VALUES("2098185869","B","47599","2007","WI","2007-01-01","2007-12-31","2006-11-16",null,null);
INSERT INTO Enrollment_T (StuID, SectionID, CourseID, Yr, Term, Midterm, Final, Add_date, Drop_date, Withdraw_date) VALUES("5013678713","H","71097","2001","FA","2001-01-01","2001-12-31","2000-11-16",null,null);
INSERT INTO Enrollment_T (StuID, SectionID, CourseID, Yr, Term, Midterm, Final, Add_date, Drop_date, Withdraw_date) VALUES("6069731374","C","52972","2024","SU","2024-01-01","2024-12-31","2023-11-16",null,null);
INSERT INTO Enrollment_T (StuID, SectionID, CourseID, Yr, Term, Midterm, Final, Add_date, Drop_date, Withdraw_date) VALUES("9869872496","H","43319","2021","SP","2021-01-01","2021-12-31","2020-11-16",null,null);
INSERT INTO Enrollment_T (StuID, SectionID, CourseID, Yr, Term, Midterm, Final, Add_date, Drop_date, Withdraw_date) VALUES("9299308332","D","47688","2006","SU","2006-01-01","2006-12-31","2005-11-16",null,null);
INSERT INTO Enrollment_T (StuID, SectionID, CourseID, Yr, Term, Midterm, Final, Add_date, Drop_date, Withdraw_date) VALUES("9299308332","G","47688","2016","WI","2016-01-01","2016-12-31","2015-11-16",null,null);
INSERT INTO Enrollment_T (StuID, SectionID, CourseID, Yr, Term, Midterm, Final, Add_date, Drop_date, Withdraw_date) VALUES("5001489881","D","47688","2006","SU","2006-01-01","2006-12-31","2005-11-16",null,null);
INSERT INTO Enrollment_T (StuID, SectionID, CourseID, Yr, Term, Midterm, Final, Add_date, Drop_date, Withdraw_date) VALUES("8724968023","H","46370","2003","SP","2003-01-01","2003-12-31","2002-11-16",null,null);
INSERT INTO Enrollment_T (StuID, SectionID, CourseID, Yr, Term, Midterm, Final, Add_date, Drop_date, Withdraw_date) VALUES("6911676615","H","67424","2029","WI","2029-01-01","2029-12-31","2028-11-16",null,null);
INSERT INTO Enrollment_T (StuID, SectionID, CourseID, Yr, Term, Midterm, Final, Add_date, Drop_date, Withdraw_date) VALUES("8426359037","H","81342","2004","FA","2004-01-01","2004-12-31","2003-11-16",null,null);
INSERT INTO Enrollment_T (StuID, SectionID, CourseID, Yr, Term, Midterm, Final, Add_date, Drop_date, Withdraw_date) VALUES("2838695087","C","52972","2024","SU","2024-01-01","2024-12-31","2023-11-16",null,null);
INSERT INTO Enrollment_T (StuID, SectionID, CourseID, Yr, Term, Midterm, Final, Add_date, Drop_date, Withdraw_date) VALUES("5161774509","H","46370","2003","SP","2003-01-01","2003-12-31","2002-11-16",null,null);
INSERT INTO Enrollment_T (StuID, SectionID, CourseID, Yr, Term, Midterm, Final, Add_date, Drop_date, Withdraw_date) VALUES("7253314297","D","46370","2021","FA","2021-01-01","2021-12-31","2020-11-16","2021-8-27",null);
INSERT INTO Enrollment_T (StuID, SectionID, CourseID, Yr, Term, Midterm, Final, Add_date, Drop_date, Withdraw_date) VALUES("3924753080","H","46370","2003","SP","2003-01-01","2003-12-31","2002-11-16",null,null);
INSERT INTO Enrollment_T (StuID, SectionID, CourseID, Yr, Term, Midterm, Final, Add_date, Drop_date, Withdraw_date) VALUES("5703803030","H","46370","2003","SP","2003-01-01","2003-12-31","2002-11-16",null,null);
INSERT INTO Enrollment_T (StuID, SectionID, CourseID, Yr, Term, Midterm, Final, Add_date, Drop_date, Withdraw_date) VALUES("1311857254","C","52972","2024","SU","2024-01-01","2024-12-31","2023-11-16",null,null);
INSERT INTO Enrollment_T (StuID, SectionID, CourseID, Yr, Term, Midterm, Final, Add_date, Drop_date, Withdraw_date) VALUES("1312000768","A","71097","2004","SP","2004-01-01","2004-12-31","2003-11-16",null,null);
INSERT INTO Enrollment_T (StuID, SectionID, CourseID, Yr, Term, Midterm, Final, Add_date, Drop_date, Withdraw_date) VALUES("5703803030","A","56869","2029","SP","2029-01-01","2029-12-31","2028-11-16",null,null);
INSERT INTO Enrollment_T (StuID, SectionID, CourseID, Yr, Term, Midterm, Final, Add_date, Drop_date, Withdraw_date) VALUES("5184290630","D","47688","2006","SU","2006-01-01","2006-12-31","2005-11-16",null,null);
INSERT INTO Enrollment_T (StuID, SectionID, CourseID, Yr, Term, Midterm, Final, Add_date, Drop_date, Withdraw_date) VALUES("0490296560","C","87552","2018","FA","2018-01-01","2018-12-31","2017-11-16","2018-3-19",null);
INSERT INTO Enrollment_T (StuID, SectionID, CourseID, Yr, Term, Midterm, Final, Add_date, Drop_date, Withdraw_date) VALUES("9798525746","F","95942","2027","SU","2027-01-01","2027-12-31","2026-11-16","2027-2-17",null);
INSERT INTO Enrollment_T (StuID, SectionID, CourseID, Yr, Term, Midterm, Final, Add_date, Drop_date, Withdraw_date) VALUES("5161774509","D","46370","2021","FA","2021-01-01","2021-12-31","2020-11-16",null,null);
INSERT INTO Enrollment_T (StuID, SectionID, CourseID, Yr, Term, Midterm, Final, Add_date, Drop_date, Withdraw_date) VALUES("5001489881","B","47599","2007","WI","2007-01-01","2007-12-31","2006-11-16",null,null);

/* Major inserts */

INSERT INTO Major_T (Major_code, Descriptn, Active_, DepartmentID) VALUES("CS","Computer Science","1","CS");
INSERT INTO Major_T (Major_code, Descriptn, Active_, DepartmentID) VALUES("BU","Business","1","BU");
INSERT INTO Major_T (Major_code, Descriptn, Active_, DepartmentID) VALUES("DA","Data Analytics","1","DA");
INSERT INTO Major_T (Major_code, Descriptn, Active_, DepartmentID) VALUES("TH","Theology","1","TH");
INSERT INTO Major_T (Major_code, Descriptn, Active_, DepartmentID) VALUES("PH","Physics","1","PH");
INSERT INTO Major_T (Major_code, Descriptn, Active_, DepartmentID) VALUES("PS","Psychology","1","PS");
INSERT INTO Major_T (Major_code, Descriptn, Active_, DepartmentID) VALUES("MA","Math","1","MA");
INSERT INTO Major_T (Major_code, Descriptn, Active_, DepartmentID) VALUES("EN","English","1","EN");
INSERT INTO Major_T (Major_code, Descriptn, Active_, DepartmentID) VALUES("PL","Politics","1","PL");
INSERT INTO Major_T (Major_code, Descriptn, Active_, DepartmentID) VALUES("CJ","Criminal Justice","1","CJ");
INSERT INTO Major_T (Major_code, Descriptn, Active_, DepartmentID) VALUES("EE","Electrical Engineering","1","EE");
INSERT INTO Major_T (Major_code, Descriptn, Active_, DepartmentID) VALUES("CC","Cyber Criminology","1","CC");
INSERT INTO Major_T (Major_code, Descriptn, Active_, DepartmentID) VALUES("HI","History","1","HI");

/* Minor inserts */

INSERT INTO Minor_T (Minor_code, Descriptn, Active_, DepartmentID) VALUES("CS","Computer Science","1","CS");
INSERT INTO Minor_T (Minor_code, Descriptn, Active_, DepartmentID) VALUES("BU","Business","1","BU");
INSERT INTO Minor_T (Minor_code, Descriptn, Active_, DepartmentID) VALUES("DA","Data Analytics","1","DA");
INSERT INTO Minor_T (Minor_code, Descriptn, Active_, DepartmentID) VALUES("TH","Theology","1","TH");
INSERT INTO Minor_T (Minor_code, Descriptn, Active_, DepartmentID) VALUES("PH","Physics","1","PH");
INSERT INTO Minor_T (Minor_code, Descriptn, Active_, DepartmentID) VALUES("PS","Psychology","1","PS");
INSERT INTO Minor_T (Minor_code, Descriptn, Active_, DepartmentID) VALUES("MA","Math","1","MA");
INSERT INTO Minor_T (Minor_code, Descriptn, Active_, DepartmentID) VALUES("EN","English","1","EN");
INSERT INTO Minor_T (Minor_code, Descriptn, Active_, DepartmentID) VALUES("PL","Politics","1","PL");
INSERT INTO Minor_T (Minor_code, Descriptn, Active_, DepartmentID) VALUES("CJ","Criminal Justice","1","CJ");
INSERT INTO Minor_T (Minor_code, Descriptn, Active_, DepartmentID) VALUES("EE","Electrical Engineering","1","EE");
INSERT INTO Minor_T (Minor_code, Descriptn, Active_, DepartmentID) VALUES("CC","Cyber Criminology","1","CC");
INSERT INTO Minor_T (Minor_code, Descriptn, Active_, DepartmentID) VALUES("HI","History","1","HI");

/* Student minor inserts */

INSERT INTO Stu_min_T (StuID, Minor_code, FacID) VALUES("1311857254","TH","6663210043");
INSERT INTO Stu_min_T (StuID, Minor_code, FacID) VALUES("9097173196","CC","7643824458");
INSERT INTO Stu_min_T (StuID, Minor_code, FacID) VALUES("5001489881","DA","0834475103");
INSERT INTO Stu_min_T (StuID, Minor_code, FacID) VALUES("9097173196","TH","1992222695");
INSERT INTO Stu_min_T (StuID, Minor_code, FacID) VALUES("9299308332","CC","5088844002");
INSERT INTO Stu_min_T (StuID, Minor_code, FacID) VALUES("3924753080","CS","9461381065");
INSERT INTO Stu_min_T (StuID, Minor_code, FacID) VALUES("9887348526","CC","8313575451");
INSERT INTO Stu_min_T (StuID, Minor_code, FacID) VALUES("2098185869","EE","8240107258");
INSERT INTO Stu_min_T (StuID, Minor_code, FacID) VALUES("8724968023","PL","9840256496");
INSERT INTO Stu_min_T (StuID, Minor_code, FacID) VALUES("9097173196","DA","8997640935");
INSERT INTO Stu_min_T (StuID, Minor_code, FacID) VALUES("2580852879","BU","9412381365");
INSERT INTO Stu_min_T (StuID, Minor_code, FacID) VALUES("5162380216","PH","8313575451");
INSERT INTO Stu_min_T (StuID, Minor_code, FacID) VALUES("9838787774","PL","8758620715");
INSERT INTO Stu_min_T (StuID, Minor_code, FacID) VALUES("9097173196","CS","0834475103");
INSERT INTO Stu_min_T (StuID, Minor_code, FacID) VALUES("5161774509","CS","6663210043");
INSERT INTO Stu_min_T (StuID, Minor_code, FacID) VALUES("6069731374","DA","6308415486");
INSERT INTO Stu_min_T (StuID, Minor_code, FacID) VALUES("9299308332","DA","5082220586");
INSERT INTO Stu_min_T (StuID, Minor_code, FacID) VALUES("6069731374","PS","7065792631");
INSERT INTO Stu_min_T (StuID, Minor_code, FacID) VALUES("4108859694","MA","0191767458");
INSERT INTO Stu_min_T (StuID, Minor_code, FacID) VALUES("2845059922","CC","6557854189");
INSERT INTO Stu_min_T (StuID, Minor_code, FacID) VALUES("0870229816","EN","5704471033");
INSERT INTO Stu_min_T (StuID, Minor_code, FacID) VALUES("6990883441","EN","7507746612");
INSERT INTO Stu_min_T (StuID, Minor_code, FacID) VALUES("4108859694","PS","8277889959");
INSERT INTO Stu_min_T (StuID, Minor_code, FacID) VALUES("5013678713","MA","7606227553");
INSERT INTO Stu_min_T (StuID, Minor_code, FacID) VALUES("6749410732","PL","9840256496");
INSERT INTO Stu_min_T (StuID, Minor_code, FacID) VALUES("5419898318","DA","9223333821");
INSERT INTO Stu_min_T (StuID, Minor_code, FacID) VALUES("9678442869","CJ","0720711095");
INSERT INTO Stu_min_T (StuID, Minor_code, FacID) VALUES("5001489881","PS","1491896687");
INSERT INTO Stu_min_T (StuID, Minor_code, FacID) VALUES("3160576450","DA","7065792631");
INSERT INTO Stu_min_T (StuID, Minor_code, FacID) VALUES("2793074768","PS","7326136700");
INSERT INTO Stu_min_T (StuID, Minor_code, FacID) VALUES("9887348526","CS","9461381065");
INSERT INTO Stu_min_T (StuID, Minor_code, FacID) VALUES("3869569751","CC","9840256496");
INSERT INTO Stu_min_T (StuID, Minor_code, FacID) VALUES("8724968023","CS","6663210043");
INSERT INTO Stu_min_T (StuID, Minor_code, FacID) VALUES("0401563479","DA","1491896687");
INSERT INTO Stu_min_T (StuID, Minor_code, FacID) VALUES("5419898318","PL","0123728462");
INSERT INTO Stu_min_T (StuID, Minor_code, FacID) VALUES("8802772413","CC","6222787936");
INSERT INTO Stu_min_T (StuID, Minor_code, FacID) VALUES("6990883441","EE","6308415486");
INSERT INTO Stu_min_T (StuID, Minor_code, FacID) VALUES("5001489881","CS","6222787936");
INSERT INTO Stu_min_T (StuID, Minor_code, FacID) VALUES("6804322107","PH","6825226437");
INSERT INTO Stu_min_T (StuID, Minor_code, FacID) VALUES("0401563479","PS","7326136700");
INSERT INTO Stu_min_T (StuID, Minor_code, FacID) VALUES("4366973621","CC","7507746612");
INSERT INTO Stu_min_T (StuID, Minor_code, FacID) VALUES("9678442869","CS","9461381065");
INSERT INTO Stu_min_T (StuID, Minor_code, FacID) VALUES("6266338623","PL","7532701721");
INSERT INTO Stu_min_T (StuID, Minor_code, FacID) VALUES("0401563479","EE","6308415486");
INSERT INTO Stu_min_T (StuID, Minor_code, FacID) VALUES("1312000768","DA","8540738062");
INSERT INTO Stu_min_T (StuID, Minor_code, FacID) VALUES("3337150347","CC","3671005780");
INSERT INTO Stu_min_T (StuID, Minor_code, FacID) VALUES("0401563479","TH","2141835420");
INSERT INTO Stu_min_T (StuID, Minor_code, FacID) VALUES("4057453821","PS","7643824458");
INSERT INTO Stu_min_T (StuID, Minor_code, FacID) VALUES("5419898318","HI","5946812754");
INSERT INTO Stu_min_T (StuID, Minor_code, FacID) VALUES("0126033086","PS","1992222695");
INSERT INTO Stu_min_T (StuID, Minor_code, FacID) VALUES("9887348526","PS","7077362011");
INSERT INTO Stu_min_T (StuID, Minor_code, FacID) VALUES("3337150347","PH","7326136700");
INSERT INTO Stu_min_T (StuID, Minor_code, FacID) VALUES("4385646620","PS","5082220586");
INSERT INTO Stu_min_T (StuID, Minor_code, FacID) VALUES("8831655551","MA","2141835420");
INSERT INTO Stu_min_T (StuID, Minor_code, FacID) VALUES("6990883441","HI","8240107258");
INSERT INTO Stu_min_T (StuID, Minor_code, FacID) VALUES("6911676615","DA","1992222695");
INSERT INTO Stu_min_T (StuID, Minor_code, FacID) VALUES("2559043517","PH","9461381065");
INSERT INTO Stu_min_T (StuID, Minor_code, FacID) VALUES("3869569751","TH","9461381065");
INSERT INTO Stu_min_T (StuID, Minor_code, FacID) VALUES("0126033086","EN","9461381065");
INSERT INTO Stu_min_T (StuID, Minor_code, FacID) VALUES("6069731374","TH","9223333821");
INSERT INTO Stu_min_T (StuID, Minor_code, FacID) VALUES("2580852879","PH","6559470466");
INSERT INTO Stu_min_T (StuID, Minor_code, FacID) VALUES("6804322107","CJ","7077362011");
INSERT INTO Stu_min_T (StuID, Minor_code, FacID) VALUES("9798525746","CC","5125985409");
INSERT INTO Stu_min_T (StuID, Minor_code, FacID) VALUES("5013678713","EN","8240107258");
INSERT INTO Stu_min_T (StuID, Minor_code, FacID) VALUES("4385646620","CC","6222787936");
INSERT INTO Stu_min_T (StuID, Minor_code, FacID) VALUES("3160576450","BU","1493268620");
INSERT INTO Stu_min_T (StuID, Minor_code, FacID) VALUES("6804322107","MA","5082220586");
INSERT INTO Stu_min_T (StuID, Minor_code, FacID) VALUES("5184290630","PS","5704471033");
INSERT INTO Stu_min_T (StuID, Minor_code, FacID) VALUES("5178432669","HI","8277889959");
INSERT INTO Stu_min_T (StuID, Minor_code, FacID) VALUES("8426359037","HI","5082220586");
INSERT INTO Stu_min_T (StuID, Minor_code, FacID) VALUES("5161774509","PH","1073226333");
INSERT INTO Stu_min_T (StuID, Minor_code, FacID) VALUES("4064476379","TH","8997640935");
INSERT INTO Stu_min_T (StuID, Minor_code, FacID) VALUES("5013678713","CJ","2141835420");
INSERT INTO Stu_min_T (StuID, Minor_code, FacID) VALUES("8426359037","CC","0184440174");
INSERT INTO Stu_min_T (StuID, Minor_code, FacID) VALUES("3924753080","PS","8997640935");
INSERT INTO Stu_min_T (StuID, Minor_code, FacID) VALUES("9869872496","HI","7606227553");
INSERT INTO Stu_min_T (StuID, Minor_code, FacID) VALUES("8724968023","EE","5946812754");
INSERT INTO Stu_min_T (StuID, Minor_code, FacID) VALUES("7253314297","CS","5016412707");
INSERT INTO Stu_min_T (StuID, Minor_code, FacID) VALUES("5184290630","DA","8758620715");
INSERT INTO Stu_min_T (StuID, Minor_code, FacID) VALUES("4797218869","BU","0184440174");
INSERT INTO Stu_min_T (StuID, Minor_code, FacID) VALUES("6990883441","CC","9461381065");
INSERT INTO Stu_min_T (StuID, Minor_code, FacID) VALUES("2845059922","CS","0146588953");
INSERT INTO Stu_min_T (StuID, Minor_code, FacID) VALUES("5419898318","EN","7606227553");
INSERT INTO Stu_min_T (StuID, Minor_code, FacID) VALUES("1312000768","PS","0123728462");
INSERT INTO Stu_min_T (StuID, Minor_code, FacID) VALUES("2098185869","TH","1992222695");
INSERT INTO Stu_min_T (StuID, Minor_code, FacID) VALUES("8802772413","DA","7065792631");
INSERT INTO Stu_min_T (StuID, Minor_code, FacID) VALUES("0551966016","DA","1073226333");
INSERT INTO Stu_min_T (StuID, Minor_code, FacID) VALUES("2793074768","TH","7507746612");
INSERT INTO Stu_min_T (StuID, Minor_code, FacID) VALUES("6069731374","MA","1142221455");
INSERT INTO Stu_min_T (StuID, Minor_code, FacID) VALUES("9678442869","PL","1075434495");
INSERT INTO Stu_min_T (StuID, Minor_code, FacID) VALUES("4797218869","MA","8997640935");
INSERT INTO Stu_min_T (StuID, Minor_code, FacID) VALUES("5184290630","CS","5125985409");
INSERT INTO Stu_min_T (StuID, Minor_code, FacID) VALUES("0551966016","CJ","7507746612");
INSERT INTO Stu_min_T (StuID, Minor_code, FacID) VALUES("6266338623","DA","1075434495");
INSERT INTO Stu_min_T (StuID, Minor_code, FacID) VALUES("3337150347","PL","3671005780");
INSERT INTO Stu_min_T (StuID, Minor_code, FacID) VALUES("6266338623","BU","1992222695");
INSERT INTO Stu_min_T (StuID, Minor_code, FacID) VALUES("4057453821","PL","4936259407");
INSERT INTO Stu_min_T (StuID, Minor_code, FacID) VALUES("0551966016","CC","0123728462");
INSERT INTO Stu_min_T (StuID, Minor_code, FacID) VALUES("0126033086","BU","5946812754");
INSERT INTO Stu_min_T (StuID, Minor_code, FacID) VALUES("2838695087","CJ","2141835420");

/* Student major inserts */

INSERT INTO Stu_maj_T (StuID, Major_code, FacID) VALUES("8426359037","EN","1493268620");
INSERT INTO Stu_maj_T (StuID, Major_code, FacID) VALUES("8724968023","BU","8997640935");
INSERT INTO Stu_maj_T (StuID, Major_code, FacID) VALUES("5001489881","TH","5082220586");
INSERT INTO Stu_maj_T (StuID, Major_code, FacID) VALUES("6069731374","BU","7507746612");
INSERT INTO Stu_maj_T (StuID, Major_code, FacID) VALUES("5013678713","HI","7065792631");
INSERT INTO Stu_maj_T (StuID, Major_code, FacID) VALUES("3337150347","HI","1491896687");
INSERT INTO Stu_maj_T (StuID, Major_code, FacID) VALUES("4064476379","TH","1075434495");
INSERT INTO Stu_maj_T (StuID, Major_code, FacID) VALUES("9097173196","MA","6222787936");
INSERT INTO Stu_maj_T (StuID, Major_code, FacID) VALUES("6749410732","BU","9223333821");
INSERT INTO Stu_maj_T (StuID, Major_code, FacID) VALUES("5162380216","HI","2141835420");
INSERT INTO Stu_maj_T (StuID, Major_code, FacID) VALUES("9869872496","DA","3671005780");
INSERT INTO Stu_maj_T (StuID, Major_code, FacID) VALUES("0126033086","EN","9840256496");
INSERT INTO Stu_maj_T (StuID, Major_code, FacID) VALUES("3160576450","HI","0191767458");
INSERT INTO Stu_maj_T (StuID, Major_code, FacID) VALUES("2559043517","EE","7507746612");
INSERT INTO Stu_maj_T (StuID, Major_code, FacID) VALUES("9678442869","CJ","9223333821");
INSERT INTO Stu_maj_T (StuID, Major_code, FacID) VALUES("0551966016","CS","6557854189");
INSERT INTO Stu_maj_T (StuID, Major_code, FacID) VALUES("4385646620","PS","4596974540");
INSERT INTO Stu_maj_T (StuID, Major_code, FacID) VALUES("0401563479","MA","5088844002");
INSERT INTO Stu_maj_T (StuID, Major_code, FacID) VALUES("3924753080","TH","7606227553");
INSERT INTO Stu_maj_T (StuID, Major_code, FacID) VALUES("9869872496","EN","7532701721");
INSERT INTO Stu_maj_T (StuID, Major_code, FacID) VALUES("2625295420","HI","1493268620");
INSERT INTO Stu_maj_T (StuID, Major_code, FacID) VALUES("3869569751","EN","7507746612");
INSERT INTO Stu_maj_T (StuID, Major_code, FacID) VALUES("0870229816","EN","5082220586");
INSERT INTO Stu_maj_T (StuID, Major_code, FacID) VALUES("2580852879","HI","7532701721");
INSERT INTO Stu_maj_T (StuID, Major_code, FacID) VALUES("5001489881","MA","0720711095");
INSERT INTO Stu_maj_T (StuID, Major_code, FacID) VALUES("2098185869","EE","9223333821");
INSERT INTO Stu_maj_T (StuID, Major_code, FacID) VALUES("6990883441","TH","8313575451");
INSERT INTO Stu_maj_T (StuID, Major_code, FacID) VALUES("4366973621","BU","9223333821");
INSERT INTO Stu_maj_T (StuID, Major_code, FacID) VALUES("9887348526","PL","8699227472");
INSERT INTO Stu_maj_T (StuID, Major_code, FacID) VALUES("5419898318","CC","0123728462");
INSERT INTO Stu_maj_T (StuID, Major_code, FacID) VALUES("2838695087","EN","7643824458");
INSERT INTO Stu_maj_T (StuID, Major_code, FacID) VALUES("3924753080","EE","9461381065");
INSERT INTO Stu_maj_T (StuID, Major_code, FacID) VALUES("8724968023","EN","9840256496");
INSERT INTO Stu_maj_T (StuID, Major_code, FacID) VALUES("8802772413","PL","1493268620");
INSERT INTO Stu_maj_T (StuID, Major_code, FacID) VALUES("2580852879","DA","7532701721");
INSERT INTO Stu_maj_T (StuID, Major_code, FacID) VALUES("0401563479","CC","8997640935");
INSERT INTO Stu_maj_T (StuID, Major_code, FacID) VALUES("7253314297","PH","1073226333");
INSERT INTO Stu_maj_T (StuID, Major_code, FacID) VALUES("3869569751","PL","9840256496");
INSERT INTO Stu_maj_T (StuID, Major_code, FacID) VALUES("8724968023","EE","0184440174");
INSERT INTO Stu_maj_T (StuID, Major_code, FacID) VALUES("6749410732","PL","6557854189");
INSERT INTO Stu_maj_T (StuID, Major_code, FacID) VALUES("0551966016","EE","7326136700");
INSERT INTO Stu_maj_T (StuID, Major_code, FacID) VALUES("5419898318","DA","0720711095");
INSERT INTO Stu_maj_T (StuID, Major_code, FacID) VALUES("2845059922","PL","9840256496");
INSERT INTO Stu_maj_T (StuID, Major_code, FacID) VALUES("5013678713","DA","6663210043");
INSERT INTO Stu_maj_T (StuID, Major_code, FacID) VALUES("2580852879","TH","7065792631");
INSERT INTO Stu_maj_T (StuID, Major_code, FacID) VALUES("4064476379","PS","5082220586");
INSERT INTO Stu_maj_T (StuID, Major_code, FacID) VALUES("8831655551","EN","4596974540");
INSERT INTO Stu_maj_T (StuID, Major_code, FacID) VALUES("6266338623","MA","7507746612");
INSERT INTO Stu_maj_T (StuID, Major_code, FacID) VALUES("6911676615","BU","5519540097");
INSERT INTO Stu_maj_T (StuID, Major_code, FacID) VALUES("4385646620","CJ","8540738062");
INSERT INTO Stu_maj_T (StuID, Major_code, FacID) VALUES("9887348526","EN","7065792631");
INSERT INTO Stu_maj_T (StuID, Major_code, FacID) VALUES("9097173196","CC","0834475103");
INSERT INTO Stu_maj_T (StuID, Major_code, FacID) VALUES("8802772413","EN","1142221455");
INSERT INTO Stu_maj_T (StuID, Major_code, FacID) VALUES("9678442869","BU","8758620715");
INSERT INTO Stu_maj_T (StuID, Major_code, FacID) VALUES("9678442869","EE","7065792631");
INSERT INTO Stu_maj_T (StuID, Major_code, FacID) VALUES("3160576450","BU","9412381365");
INSERT INTO Stu_maj_T (StuID, Major_code, FacID) VALUES("5013678713","EE","7606227553");
INSERT INTO Stu_maj_T (StuID, Major_code, FacID) VALUES("2580852879","CS","5082220586");
INSERT INTO Stu_maj_T (StuID, Major_code, FacID) VALUES("0126033086","PS","5519540097");
INSERT INTO Stu_maj_T (StuID, Major_code, FacID) VALUES("9299308332","BU","6557854189");
INSERT INTO Stu_maj_T (StuID, Major_code, FacID) VALUES("6069731374","PS","7077362011");
INSERT INTO Stu_maj_T (StuID, Major_code, FacID) VALUES("9869872496","PL","3054386191");
INSERT INTO Stu_maj_T (StuID, Major_code, FacID) VALUES("5703803030","CC","8540738062");
INSERT INTO Stu_maj_T (StuID, Major_code, FacID) VALUES("5161774509","MA","8758620715");
INSERT INTO Stu_maj_T (StuID, Major_code, FacID) VALUES("0401563479","PL","8540738062");
INSERT INTO Stu_maj_T (StuID, Major_code, FacID) VALUES("6069731374","CC","8997640935");
INSERT INTO Stu_maj_T (StuID, Major_code, FacID) VALUES("2580852879","CC","1073226333");
INSERT INTO Stu_maj_T (StuID, Major_code, FacID) VALUES("4366973621","HI","9412381365");
INSERT INTO Stu_maj_T (StuID, Major_code, FacID) VALUES("8724968023","HI","9840256496");
INSERT INTO Stu_maj_T (StuID, Major_code, FacID) VALUES("5178432669","PH","8699227472");
INSERT INTO Stu_maj_T (StuID, Major_code, FacID) VALUES("6266338623","BU","5016412707");
INSERT INTO Stu_maj_T (StuID, Major_code, FacID) VALUES("4064476379","PL","1142221455");
INSERT INTO Stu_maj_T (StuID, Major_code, FacID) VALUES("3337150347","TH","5519540097");
INSERT INTO Stu_maj_T (StuID, Major_code, FacID) VALUES("6990883441","CC","6663210043");
INSERT INTO Stu_maj_T (StuID, Major_code, FacID) VALUES("5184290630","HI","7643824458");
INSERT INTO Stu_maj_T (StuID, Major_code, FacID) VALUES("5001489881","HI","9461381065");
INSERT INTO Stu_maj_T (StuID, Major_code, FacID) VALUES("6804322107","HI","2141835420");
INSERT INTO Stu_maj_T (StuID, Major_code, FacID) VALUES("6804322107","DA","0184440174");
INSERT INTO Stu_maj_T (StuID, Major_code, FacID) VALUES("9678442869","DA","8240107258");
INSERT INTO Stu_maj_T (StuID, Major_code, FacID) VALUES("5001489881","EE","6308415486");
INSERT INTO Stu_maj_T (StuID, Major_code, FacID) VALUES("7253314297","TH","8313575451");
INSERT INTO Stu_maj_T (StuID, Major_code, FacID) VALUES("9299308332","PS","1992222695");
INSERT INTO Stu_maj_T (StuID, Major_code, FacID) VALUES("1312000768","CS","3054386191");
INSERT INTO Stu_maj_T (StuID, Major_code, FacID) VALUES("5162380216","BU","2141835420");
INSERT INTO Stu_maj_T (StuID, Major_code, FacID) VALUES("2098185869","PH","8313575451");
INSERT INTO Stu_maj_T (StuID, Major_code, FacID) VALUES("5161774509","EN","5519540097");
INSERT INTO Stu_maj_T (StuID, Major_code, FacID) VALUES("2098185869","CJ","2141835420");
INSERT INTO Stu_maj_T (StuID, Major_code, FacID) VALUES("5178432669","TH","8997640935");
INSERT INTO Stu_maj_T (StuID, Major_code, FacID) VALUES("9887348526","PH","5125985409");
INSERT INTO Stu_maj_T (StuID, Major_code, FacID) VALUES("2845059922","EE","3054386191");
INSERT INTO Stu_maj_T (StuID, Major_code, FacID) VALUES("4385646620","EN","3054386191");
INSERT INTO Stu_maj_T (StuID, Major_code, FacID) VALUES("5703803030","BU","6825226437");
INSERT INTO Stu_maj_T (StuID, Major_code, FacID) VALUES("6911676615","TH","5704471033");
INSERT INTO Stu_maj_T (StuID, Major_code, FacID) VALUES("2098185869","DA","0184440174");
INSERT INTO Stu_maj_T (StuID, Major_code, FacID) VALUES("3160576450","EE","1992222695");
INSERT INTO Stu_maj_T (StuID, Major_code, FacID) VALUES("2838695087","PL","5016412707");
INSERT INTO Stu_maj_T (StuID, Major_code, FacID) VALUES("9887348526","PS","1075434495");
INSERT INTO Stu_maj_T (StuID, Major_code, FacID) VALUES("9097173196","BU","0146588953");
INSERT INTO Stu_maj_T (StuID, Major_code, FacID) VALUES("7253314297","CJ","3054386191");
INSERT INTO Stu_maj_T (StuID, Major_code, FacID) VALUES("1311857254","CJ","3054386191");
